Id,Date,CalendarDay,CalendarMonth,CalendarYear
1,2015-01-01,1,1,2015
2,2015-01-02,2,1,2015
3,2015-01-03,3,1,2015
4,2015-01-04,4,1,2015
5,2015-01-05,5,1,2015
6,2015-01-06,6,1,2015
7,2015-01-07,7,1,2015
8,2015-01-08,8,1,2015
9,2015-01-09,9,1,2015
10,2015-01-10,10,1,2015
11,2015-01-11,11,1,2015
12,2015-01-12,12,1,2015
13,2015-01-13,13,1,2015
14,2015-01-14,14,1,2015
15,2015-01-15,15,1,2015
16,2015-01-16,16,1,2015
17,2015-01-17,17,1,2015
18,2015-01-18,18,1,2015
19,2015-01-19,19,1,2015
20,2015-01-20,20,1,2015
21,2015-01-21,21,1,2015
22,2015-01-22,22,1,2015
23,2015-01-23,23,1,2015
24,2015-01-24,24,1,2015
25,2015-01-25,25,1,2015
26,2015-01-26,26,1,2015
27,2015-01-27,27,1,2015
28,2015-01-28,28,1,2015
29,2015-01-29,29,1,2015
30,2015-01-30,30,1,2015
31,2015-01-31,31,1,2015
101,2015-02-01,32,2,2015
102,2015-02-02,33,2,2015
103,2015-02-03,34,2,2015
104,2015-02-04,35,2,2015
105,2015-02-05,36,2,2015
106,2015-02-06,37,2,2015
107,2015-02-07,38,2,2015
108,2015-02-08,39,2,2015
109,2015-02-09,40,2,2015
110,2015-02-10,41,2,2015
111,2015-02-11,42,2,2015
112,2015-02-12,43,2,2015
113,2015-02-13,44,2,2015
114,2015-02-14,45,2,2015
115,2015-02-15,46,2,2015
116,2015-02-16,47,2,2015
117,2015-02-17,48,2,2015
118,2015-02-18,49,2,2015
119,2015-02-19,50,2,2015
120,2015-02-20,51,2,2015
121,2015-02-21,52,2,2015
122,2015-02-22,53,2,2015
123,2015-02-23,54,2,2015
124,2015-02-24,55,2,2015
125,2015-02-25,56,2,2015
126,2015-02-26,57,2,2015
127,2015-02-27,58,2,2015
128,2015-02-28,59,2,2015
201,2015-03-01,60,3,2015
202,2015-03-02,61,3,2015
203,2015-03-03,62,3,2015
204,2015-03-04,63,3,2015
205,2015-03-05,64,3,2015
206,2015-03-06,65,3,2015
207,2015-03-07,66,3,2015
208,2015-03-08,67,3,2015
209,2015-03-09,68,3,2015
210,2015-03-10,69,3,2015
211,2015-03-11,70,3,2015
212,2015-03-12,71,3,2015
213,2015-03-13,72,3,2015
214,2015-03-14,73,3,2015
215,2015-03-15,74,3,2015
216,2015-03-16,75,3,2015
217,2015-03-17,76,3,2015
218,2015-03-18,77,3,2015
219,2015-03-19,78,3,2015
220,2015-03-20,79,3,2015
221,2015-03-21,80,3,2015
222,2015-03-22,81,3,2015
223,2015-03-23,82,3,2015
224,2015-03-24,83,3,2015
225,2015-03-25,84,3,2015
226,2015-03-26,85,3,2015
227,2015-03-27,86,3,2015
228,2015-03-28,87,3,2015
229,2015-03-29,88,3,2015
230,2015-03-30,89,3,2015
231,2015-03-31,90,3,2015
301,2015-04-01,91,4,2015
302,2015-04-02,92,4,2015
303,2015-04-03,93,4,2015
304,2015-04-04,94,4,2015
305,2015-04-05,95,4,2015
306,2015-04-06,96,4,2015
307,2015-04-07,97,4,2015
308,2015-04-08,98,4,2015
309,2015-04-09,99,4,2015
310,2015-04-10,100,4,2015
311,2015-04-11,101,4,2015
312,2015-04-12,102,4,2015
313,2015-04-13,103,4,2015
314,2015-04-14,104,4,2015
315,2015-04-15,105,4,2015
316,2015-04-16,106,4,2015
317,2015-04-17,107,4,2015
318,2015-04-18,108,4,2015
319,2015-04-19,109,4,2015
320,2015-04-20,110,4,2015
321,2015-04-21,111,4,2015
322,2015-04-22,112,4,2015
323,2015-04-23,113,4,2015
324,2015-04-24,114,4,2015
325,2015-04-25,115,4,2015
326,2015-04-26,116,4,2015
327,2015-04-27,117,4,2015
328,2015-04-28,118,4,2015
329,2015-04-29,119,4,2015
330,2015-04-30,120,4,2015
401,2015-05-01,121,5,2015
402,2015-05-02,122,5,2015
403,2015-05-03,123,5,2015
404,2015-05-04,124,5,2015
405,2015-05-05,125,5,2015
406,2015-05-06,126,5,2015
407,2015-05-07,127,5,2015
408,2015-05-08,128,5,2015
409,2015-05-09,129,5,2015
410,2015-05-10,130,5,2015
411,2015-05-11,131,5,2015
412,2015-05-12,132,5,2015
413,2015-05-13,133,5,2015
414,2015-05-14,134,5,2015
415,2015-05-15,135,5,2015
416,2015-05-16,136,5,2015
417,2015-05-17,137,5,2015
418,2015-05-18,138,5,2015
419,2015-05-19,139,5,2015
420,2015-05-20,140,5,2015
421,2015-05-21,141,5,2015
422,2015-05-22,142,5,2015
423,2015-05-23,143,5,2015
424,2015-05-24,144,5,2015
425,2015-05-25,145,5,2015
426,2015-05-26,146,5,2015
427,2015-05-27,147,5,2015
428,2015-05-28,148,5,2015
429,2015-05-29,149,5,2015
430,2015-05-30,150,5,2015
431,2015-05-31,151,5,2015
501,2015-06-01,152,6,2015
502,2015-06-02,153,6,2015
503,2015-06-03,154,6,2015
504,2015-06-04,155,6,2015
505,2015-06-05,156,6,2015
506,2015-06-06,157,6,2015
507,2015-06-07,158,6,2015
508,2015-06-08,159,6,2015
509,2015-06-09,160,6,2015
510,2015-06-10,161,6,2015
511,2015-06-11,162,6,2015
512,2015-06-12,163,6,2015
513,2015-06-13,164,6,2015
514,2015-06-14,165,6,2015
515,2015-06-15,166,6,2015
516,2015-06-16,167,6,2015
517,2015-06-17,168,6,2015
518,2015-06-18,169,6,2015
519,2015-06-19,170,6,2015
520,2015-06-20,171,6,2015
521,2015-06-21,172,6,2015
522,2015-06-22,173,6,2015
523,2015-06-23,174,6,2015
524,2015-06-24,175,6,2015
525,2015-06-25,176,6,2015
526,2015-06-26,177,6,2015
527,2015-06-27,178,6,2015
528,2015-06-28,179,6,2015
529,2015-06-29,180,6,2015
530,2015-06-30,181,6,2015
601,2015-07-01,182,7,2015
602,2015-07-02,183,7,2015
603,2015-07-03,184,7,2015
604,2015-07-04,185,7,2015
605,2015-07-05,186,7,2015
606,2015-07-06,187,7,2015
607,2015-07-07,188,7,2015
608,2015-07-08,189,7,2015
609,2015-07-09,190,7,2015
610,2015-07-10,191,7,2015
611,2015-07-11,192,7,2015
612,2015-07-12,193,7,2015
613,2015-07-13,194,7,2015
614,2015-07-14,195,7,2015
615,2015-07-15,196,7,2015
616,2015-07-16,197,7,2015
617,2015-07-17,198,7,2015
618,2015-07-18,199,7,2015
619,2015-07-19,200,7,2015
620,2015-07-20,201,7,2015
621,2015-07-21,202,7,2015
622,2015-07-22,203,7,2015
623,2015-07-23,204,7,2015
624,2015-07-24,205,7,2015
625,2015-07-25,206,7,2015
626,2015-07-26,207,7,2015
627,2015-07-27,208,7,2015
628,2015-07-28,209,7,2015
629,2015-07-29,210,7,2015
630,2015-07-30,211,7,2015
631,2015-07-31,212,7,2015
701,2015-08-01,213,8,2015
702,2015-08-02,214,8,2015
703,2015-08-03,215,8,2015
704,2015-08-04,216,8,2015
705,2015-08-05,217,8,2015
706,2015-08-06,218,8,2015
707,2015-08-07,219,8,2015
708,2015-08-08,220,8,2015
709,2015-08-09,221,8,2015
710,2015-08-10,222,8,2015
711,2015-08-11,223,8,2015
712,2015-08-12,224,8,2015
713,2015-08-13,225,8,2015
714,2015-08-14,226,8,2015
715,2015-08-15,227,8,2015
716,2015-08-16,228,8,2015
717,2015-08-17,229,8,2015
718,2015-08-18,230,8,2015
719,2015-08-19,231,8,2015
720,2015-08-20,232,8,2015
721,2015-08-21,233,8,2015
722,2015-08-22,234,8,2015
723,2015-08-23,235,8,2015
724,2015-08-24,236,8,2015
725,2015-08-25,237,8,2015
726,2015-08-26,238,8,2015
727,2015-08-27,239,8,2015
728,2015-08-28,240,8,2015
729,2015-08-29,241,8,2015
730,2015-08-30,242,8,2015
731,2015-08-31,243,8,2015
801,2015-09-01,244,9,2015
802,2015-09-02,245,9,2015
803,2015-09-03,246,9,2015
804,2015-09-04,247,9,2015
805,2015-09-05,248,9,2015
806,2015-09-06,249,9,2015
807,2015-09-07,250,9,2015
808,2015-09-08,251,9,2015
809,2015-09-09,252,9,2015
810,2015-09-10,253,9,2015
811,2015-09-11,254,9,2015
812,2015-09-12,255,9,2015
813,2015-09-13,256,9,2015
814,2015-09-14,257,9,2015
815,2015-09-15,258,9,2015
816,2015-09-16,259,9,2015
817,2015-09-17,260,9,2015
818,2015-09-18,261,9,2015
819,2015-09-19,262,9,2015
820,2015-09-20,263,9,2015
821,2015-09-21,264,9,2015
822,2015-09-22,265,9,2015
823,2015-09-23,266,9,2015
824,2015-09-24,267,9,2015
825,2015-09-25,268,9,2015
826,2015-09-26,269,9,2015
827,2015-09-27,270,9,2015
828,2015-09-28,271,9,2015
829,2015-09-29,272,9,2015
830,2015-09-30,273,9,2015
901,2015-10-01,274,10,2015
902,2015-10-02,275,10,2015
903,2015-10-03,276,10,2015
904,2015-10-04,277,10,2015
905,2015-10-05,278,10,2015
906,2015-10-06,279,10,2015
907,2015-10-07,280,10,2015
908,2015-10-08,281,10,2015
909,2015-10-09,282,10,2015
910,2015-10-10,283,10,2015
911,2015-10-11,284,10,2015
912,2015-10-12,285,10,2015
913,2015-10-13,286,10,2015
914,2015-10-14,287,10,2015
915,2015-10-15,288,10,2015
916,2015-10-16,289,10,2015
917,2015-10-17,290,10,2015
918,2015-10-18,291,10,2015
919,2015-10-19,292,10,2015
920,2015-10-20,293,10,2015
921,2015-10-21,294,10,2015
922,2015-10-22,295,10,2015
923,2015-10-23,296,10,2015
924,2015-10-24,297,10,2015
925,2015-10-25,298,10,2015
926,2015-10-26,299,10,2015
927,2015-10-27,300,10,2015
928,2015-10-28,301,10,2015
929,2015-10-29,302,10,2015
930,2015-10-30,303,10,2015
931,2015-10-31,304,10,2015
1001,2015-11-01,305,11,2015
1002,2015-11-02,306,11,2015
1003,2015-11-03,307,11,2015
1004,2015-11-04,308,11,2015
1005,2015-11-05,309,11,2015
1006,2015-11-06,310,11,2015
1007,2015-11-07,311,11,2015
1008,2015-11-08,312,11,2015
1009,2015-11-09,313,11,2015
1010,2015-11-10,314,11,2015
1011,2015-11-11,315,11,2015
1012,2015-11-12,316,11,2015
1013,2015-11-13,317,11,2015
1014,2015-11-14,318,11,2015
1015,2015-11-15,319,11,2015
1016,2015-11-16,320,11,2015
1017,2015-11-17,321,11,2015
1018,2015-11-18,322,11,2015
1019,2015-11-19,323,11,2015
1020,2015-11-20,324,11,2015
1021,2015-11-21,325,11,2015
1022,2015-11-22,326,11,2015
1023,2015-11-23,327,11,2015
1024,2015-11-24,328,11,2015
1025,2015-11-25,329,11,2015
1026,2015-11-26,330,11,2015
1027,2015-11-27,331,11,2015
1028,2015-11-28,332,11,2015
1029,2015-11-29,333,11,2015
1030,2015-11-30,334,11,2015
1101,2015-12-01,335,12,2015
1102,2015-12-02,336,12,2015
1103,2015-12-03,337,12,2015
1104,2015-12-04,338,12,2015
1105,2015-12-05,339,12,2015
1106,2015-12-06,340,12,2015
1107,2015-12-07,341,12,2015
1108,2015-12-08,342,12,2015
1109,2015-12-09,343,12,2015
1110,2015-12-10,344,12,2015
1111,2015-12-11,345,12,2015
1112,2015-12-12,346,12,2015
1113,2015-12-13,347,12,2015
1114,2015-12-14,348,12,2015
1115,2015-12-15,349,12,2015
1116,2015-12-16,350,12,2015
1117,2015-12-17,351,12,2015
1118,2015-12-18,352,12,2015
1119,2015-12-19,353,12,2015
1120,2015-12-20,354,12,2015
1121,2015-12-21,355,12,2015
1122,2015-12-22,356,12,2015
1123,2015-12-23,357,12,2015
1124,2015-12-24,358,12,2015
1125,2015-12-25,359,12,2015
1126,2015-12-26,360,12,2015
1127,2015-12-27,361,12,2015
1128,2015-12-28,362,12,2015
1129,2015-12-29,363,12,2015
1130,2015-12-30,364,12,2015
1131,2015-12-31,365,12,2015
10001,2016-01-01,1,1,2016
10002,2016-01-02,2,1,2016
10003,2016-01-03,3,1,2016
10004,2016-01-04,4,1,2016
10005,2016-01-05,5,1,2016
10006,2016-01-06,6,1,2016
10007,2016-01-07,7,1,2016
10008,2016-01-08,8,1,2016
10009,2016-01-09,9,1,2016
10010,2016-01-10,10,1,2016
10011,2016-01-11,11,1,2016
10012,2016-01-12,12,1,2016
10013,2016-01-13,13,1,2016
10014,2016-01-14,14,1,2016
10015,2016-01-15,15,1,2016
10016,2016-01-16,16,1,2016
10017,2016-01-17,17,1,2016
10018,2016-01-18,18,1,2016
10019,2016-01-19,19,1,2016
10020,2016-01-20,20,1,2016
10021,2016-01-21,21,1,2016
10022,2016-01-22,22,1,2016
10023,2016-01-23,23,1,2016
10024,2016-01-24,24,1,2016
10025,2016-01-25,25,1,2016
10026,2016-01-26,26,1,2016
10027,2016-01-27,27,1,2016
10028,2016-01-28,28,1,2016
10029,2016-01-29,29,1,2016
10030,2016-01-30,30,1,2016
10031,2016-01-31,31,1,2016
10101,2016-02-01,32,2,2016
10102,2016-02-02,33,2,2016
10103,2016-02-03,34,2,2016
10104,2016-02-04,35,2,2016
10105,2016-02-05,36,2,2016
10106,2016-02-06,37,2,2016
10107,2016-02-07,38,2,2016
10108,2016-02-08,39,2,2016
10109,2016-02-09,40,2,2016
10110,2016-02-10,41,2,2016
10111,2016-02-11,42,2,2016
10112,2016-02-12,43,2,2016
10113,2016-02-13,44,2,2016
10114,2016-02-14,45,2,2016
10115,2016-02-15,46,2,2016
10116,2016-02-16,47,2,2016
10117,2016-02-17,48,2,2016
10118,2016-02-18,49,2,2016
10119,2016-02-19,50,2,2016
10120,2016-02-20,51,2,2016
10121,2016-02-21,52,2,2016
10122,2016-02-22,53,2,2016
10123,2016-02-23,54,2,2016
10124,2016-02-24,55,2,2016
10125,2016-02-25,56,2,2016
10126,2016-02-26,57,2,2016
10127,2016-02-27,58,2,2016
10128,2016-02-28,59,2,2016
10129,2016-02-29,60,2,2016
10201,2016-03-01,61,3,2016
10202,2016-03-02,62,3,2016
10203,2016-03-03,63,3,2016
10204,2016-03-04,64,3,2016
10205,2016-03-05,65,3,2016
10206,2016-03-06,66,3,2016
10207,2016-03-07,67,3,2016
10208,2016-03-08,68,3,2016
10209,2016-03-09,69,3,2016
10210,2016-03-10,70,3,2016
10211,2016-03-11,71,3,2016
10212,2016-03-12,72,3,2016
10213,2016-03-13,73,3,2016
10214,2016-03-14,74,3,2016
10215,2016-03-15,75,3,2016
10216,2016-03-16,76,3,2016
10217,2016-03-17,77,3,2016
10218,2016-03-18,78,3,2016
10219,2016-03-19,79,3,2016
10220,2016-03-20,80,3,2016
10221,2016-03-21,81,3,2016
10222,2016-03-22,82,3,2016
10223,2016-03-23,83,3,2016
10224,2016-03-24,84,3,2016
10225,2016-03-25,85,3,2016
10226,2016-03-26,86,3,2016
10227,2016-03-27,87,3,2016
10228,2016-03-28,88,3,2016
10229,2016-03-29,89,3,2016
10230,2016-03-30,90,3,2016
10231,2016-03-31,91,3,2016
10301,2016-04-01,92,4,2016
10302,2016-04-02,93,4,2016
10303,2016-04-03,94,4,2016
10304,2016-04-04,95,4,2016
10305,2016-04-05,96,4,2016
10306,2016-04-06,97,4,2016
10307,2016-04-07,98,4,2016
10308,2016-04-08,99,4,2016
10309,2016-04-09,100,4,2016
10310,2016-04-10,101,4,2016
10311,2016-04-11,102,4,2016
10312,2016-04-12,103,4,2016
10313,2016-04-13,104,4,2016
10314,2016-04-14,105,4,2016
10315,2016-04-15,106,4,2016
10316,2016-04-16,107,4,2016
10317,2016-04-17,108,4,2016
10318,2016-04-18,109,4,2016
10319,2016-04-19,110,4,2016
10320,2016-04-20,111,4,2016
10321,2016-04-21,112,4,2016
10322,2016-04-22,113,4,2016
10323,2016-04-23,114,4,2016
10324,2016-04-24,115,4,2016
10325,2016-04-25,116,4,2016
10326,2016-04-26,117,4,2016
10327,2016-04-27,118,4,2016
10328,2016-04-28,119,4,2016
10329,2016-04-29,120,4,2016
10330,2016-04-30,121,4,2016
10401,2016-05-01,122,5,2016
10402,2016-05-02,123,5,2016
10403,2016-05-03,124,5,2016
10404,2016-05-04,125,5,2016
10405,2016-05-05,126,5,2016
10406,2016-05-06,127,5,2016
10407,2016-05-07,128,5,2016
10408,2016-05-08,129,5,2016
10409,2016-05-09,130,5,2016
10410,2016-05-10,131,5,2016
10411,2016-05-11,132,5,2016
10412,2016-05-12,133,5,2016
10413,2016-05-13,134,5,2016
10414,2016-05-14,135,5,2016
10415,2016-05-15,136,5,2016
10416,2016-05-16,137,5,2016
10417,2016-05-17,138,5,2016
10418,2016-05-18,139,5,2016
10419,2016-05-19,140,5,2016
10420,2016-05-20,141,5,2016
10421,2016-05-21,142,5,2016
10422,2016-05-22,143,5,2016
10423,2016-05-23,144,5,2016
10424,2016-05-24,145,5,2016
10425,2016-05-25,146,5,2016
10426,2016-05-26,147,5,2016
10427,2016-05-27,148,5,2016
10428,2016-05-28,149,5,2016
10429,2016-05-29,150,5,2016
10430,2016-05-30,151,5,2016
10431,2016-05-31,152,5,2016
10501,2016-06-01,153,6,2016
10502,2016-06-02,154,6,2016
10503,2016-06-03,155,6,2016
10504,2016-06-04,156,6,2016
10505,2016-06-05,157,6,2016
10506,2016-06-06,158,6,2016
10507,2016-06-07,159,6,2016
10508,2016-06-08,160,6,2016
10509,2016-06-09,161,6,2016
10510,2016-06-10,162,6,2016
10511,2016-06-11,163,6,2016
10512,2016-06-12,164,6,2016
10513,2016-06-13,165,6,2016
10514,2016-06-14,166,6,2016
10515,2016-06-15,167,6,2016
10516,2016-06-16,168,6,2016
10517,2016-06-17,169,6,2016
10518,2016-06-18,170,6,2016
10519,2016-06-19,171,6,2016
10520,2016-06-20,172,6,2016
10521,2016-06-21,173,6,2016
10522,2016-06-22,174,6,2016
10523,2016-06-23,175,6,2016
10524,2016-06-24,176,6,2016
10525,2016-06-25,177,6,2016
10526,2016-06-26,178,6,2016
10527,2016-06-27,179,6,2016
10528,2016-06-28,180,6,2016
10529,2016-06-29,181,6,2016
10530,2016-06-30,182,6,2016
10601,2016-07-01,183,7,2016
10602,2016-07-02,184,7,2016
10603,2016-07-03,185,7,2016
10604,2016-07-04,186,7,2016
10605,2016-07-05,187,7,2016
10606,2016-07-06,188,7,2016
10607,2016-07-07,189,7,2016
10608,2016-07-08,190,7,2016
10609,2016-07-09,191,7,2016
10610,2016-07-10,192,7,2016
10611,2016-07-11,193,7,2016
10612,2016-07-12,194,7,2016
10613,2016-07-13,195,7,2016
10614,2016-07-14,196,7,2016
10615,2016-07-15,197,7,2016
10616,2016-07-16,198,7,2016
10617,2016-07-17,199,7,2016
10618,2016-07-18,200,7,2016
10619,2016-07-19,201,7,2016
10620,2016-07-20,202,7,2016
10621,2016-07-21,203,7,2016
10622,2016-07-22,204,7,2016
10623,2016-07-23,205,7,2016
10624,2016-07-24,206,7,2016
10625,2016-07-25,207,7,2016
10626,2016-07-26,208,7,2016
10627,2016-07-27,209,7,2016
10628,2016-07-28,210,7,2016
10629,2016-07-29,211,7,2016
10630,2016-07-30,212,7,2016
10631,2016-07-31,213,7,2016
10701,2016-08-01,214,8,2016
10702,2016-08-02,215,8,2016
10703,2016-08-03,216,8,2016
10704,2016-08-04,217,8,2016
10705,2016-08-05,218,8,2016
10706,2016-08-06,219,8,2016
10707,2016-08-07,220,8,2016
10708,2016-08-08,221,8,2016
10709,2016-08-09,222,8,2016
10710,2016-08-10,223,8,2016
10711,2016-08-11,224,8,2016
10712,2016-08-12,225,8,2016
10713,2016-08-13,226,8,2016
10714,2016-08-14,227,8,2016
10715,2016-08-15,228,8,2016
10716,2016-08-16,229,8,2016
10717,2016-08-17,230,8,2016
10718,2016-08-18,231,8,2016
10719,2016-08-19,232,8,2016
10720,2016-08-20,233,8,2016
10721,2016-08-21,234,8,2016
10722,2016-08-22,235,8,2016
10723,2016-08-23,236,8,2016
10724,2016-08-24,237,8,2016
10725,2016-08-25,238,8,2016
10726,2016-08-26,239,8,2016
10727,2016-08-27,240,8,2016
10728,2016-08-28,241,8,2016
10729,2016-08-29,242,8,2016
10730,2016-08-30,243,8,2016
10731,2016-08-31,244,8,2016
10801,2016-09-01,245,9,2016
10802,2016-09-02,246,9,2016
10803,2016-09-03,247,9,2016
10804,2016-09-04,248,9,2016
10805,2016-09-05,249,9,2016
10806,2016-09-06,250,9,2016
10807,2016-09-07,251,9,2016
10808,2016-09-08,252,9,2016
10809,2016-09-09,253,9,2016
10810,2016-09-10,254,9,2016
10811,2016-09-11,255,9,2016
10812,2016-09-12,256,9,2016
10813,2016-09-13,257,9,2016
10814,2016-09-14,258,9,2016
10815,2016-09-15,259,9,2016
10816,2016-09-16,260,9,2016
10817,2016-09-17,261,9,2016
10818,2016-09-18,262,9,2016
10819,2016-09-19,263,9,2016
10820,2016-09-20,264,9,2016
10821,2016-09-21,265,9,2016
10822,2016-09-22,266,9,2016
10823,2016-09-23,267,9,2016
10824,2016-09-24,268,9,2016
10825,2016-09-25,269,9,2016
10826,2016-09-26,270,9,2016
10827,2016-09-27,271,9,2016
10828,2016-09-28,272,9,2016
10829,2016-09-29,273,9,2016
10830,2016-09-30,274,9,2016
10901,2016-10-01,275,10,2016
10902,2016-10-02,276,10,2016
10903,2016-10-03,277,10,2016
10904,2016-10-04,278,10,2016
10905,2016-10-05,279,10,2016
10906,2016-10-06,280,10,2016
10907,2016-10-07,281,10,2016
10908,2016-10-08,282,10,2016
10909,2016-10-09,283,10,2016
10910,2016-10-10,284,10,2016
10911,2016-10-11,285,10,2016
10912,2016-10-12,286,10,2016
10913,2016-10-13,287,10,2016
10914,2016-10-14,288,10,2016
10915,2016-10-15,289,10,2016
10916,2016-10-16,290,10,2016
10917,2016-10-17,291,10,2016
10918,2016-10-18,292,10,2016
10919,2016-10-19,293,10,2016
10920,2016-10-20,294,10,2016
10921,2016-10-21,295,10,2016
10922,2016-10-22,296,10,2016
10923,2016-10-23,297,10,2016
10924,2016-10-24,298,10,2016
10925,2016-10-25,299,10,2016
10926,2016-10-26,300,10,2016
10927,2016-10-27,301,10,2016
10928,2016-10-28,302,10,2016
10929,2016-10-29,303,10,2016
10930,2016-10-30,304,10,2016
10931,2016-10-31,305,10,2016
11001,2016-11-01,306,11,2016
11002,2016-11-02,307,11,2016
11003,2016-11-03,308,11,2016
11004,2016-11-04,309,11,2016
11005,2016-11-05,310,11,2016
11006,2016-11-06,311,11,2016
11007,2016-11-07,312,11,2016
11008,2016-11-08,313,11,2016
11009,2016-11-09,314,11,2016
11010,2016-11-10,315,11,2016
11011,2016-11-11,316,11,2016
11012,2016-11-12,317,11,2016
11013,2016-11-13,318,11,2016
11014,2016-11-14,319,11,2016
11015,2016-11-15,320,11,2016
11016,2016-11-16,321,11,2016
11017,2016-11-17,322,11,2016
11018,2016-11-18,323,11,2016
11019,2016-11-19,324,11,2016
11020,2016-11-20,325,11,2016
11021,2016-11-21,326,11,2016
11022,2016-11-22,327,11,2016
11023,2016-11-23,328,11,2016
11024,2016-11-24,329,11,2016
11025,2016-11-25,330,11,2016
11026,2016-11-26,331,11,2016
11027,2016-11-27,332,11,2016
11028,2016-11-28,333,11,2016
11029,2016-11-29,334,11,2016
11030,2016-11-30,335,11,2016
11101,2016-12-01,336,12,2016
11102,2016-12-02,337,12,2016
11103,2016-12-03,338,12,2016
11104,2016-12-04,339,12,2016
11105,2016-12-05,340,12,2016
11106,2016-12-06,341,12,2016
11107,2016-12-07,342,12,2016
11108,2016-12-08,343,12,2016
11109,2016-12-09,344,12,2016
11110,2016-12-10,345,12,2016
11111,2016-12-11,346,12,2016
11112,2016-12-12,347,12,2016
11113,2016-12-13,348,12,2016
11114,2016-12-14,349,12,2016
11115,2016-12-15,350,12,2016
11116,2016-12-16,351,12,2016
11117,2016-12-17,352,12,2016
11118,2016-12-18,353,12,2016
11119,2016-12-19,354,12,2016
11120,2016-12-20,355,12,2016
11121,2016-12-21,356,12,2016
11122,2016-12-22,357,12,2016
11123,2016-12-23,358,12,2016
11124,2016-12-24,359,12,2016
11125,2016-12-25,360,12,2016
11126,2016-12-26,361,12,2016
11127,2016-12-27,362,12,2016
11128,2016-12-28,363,12,2016
11129,2016-12-29,364,12,2016
11130,2016-12-30,365,12,2016
11131,2016-12-31,366,12,2016
20001,2017-01-01,1,1,2017
20002,2017-01-02,2,1,2017
20003,2017-01-03,3,1,2017
20004,2017-01-04,4,1,2017
20005,2017-01-05,5,1,2017
20006,2017-01-06,6,1,2017
20007,2017-01-07,7,1,2017
20008,2017-01-08,8,1,2017
20009,2017-01-09,9,1,2017
20010,2017-01-10,10,1,2017
20011,2017-01-11,11,1,2017
20012,2017-01-12,12,1,2017
20013,2017-01-13,13,1,2017
20014,2017-01-14,14,1,2017
20015,2017-01-15,15,1,2017
20016,2017-01-16,16,1,2017
20017,2017-01-17,17,1,2017
20018,2017-01-18,18,1,2017
20019,2017-01-19,19,1,2017
20020,2017-01-20,20,1,2017
20021,2017-01-21,21,1,2017
20022,2017-01-22,22,1,2017
20023,2017-01-23,23,1,2017
20024,2017-01-24,24,1,2017
20025,2017-01-25,25,1,2017
20026,2017-01-26,26,1,2017
20027,2017-01-27,27,1,2017
20028,2017-01-28,28,1,2017
20029,2017-01-29,29,1,2017
20030,2017-01-30,30,1,2017
20031,2017-01-31,31,1,2017
20101,2017-02-01,32,2,2017
20102,2017-02-02,33,2,2017
20103,2017-02-03,34,2,2017
20104,2017-02-04,35,2,2017
20105,2017-02-05,36,2,2017
20106,2017-02-06,37,2,2017
20107,2017-02-07,38,2,2017
20108,2017-02-08,39,2,2017
20109,2017-02-09,40,2,2017
20110,2017-02-10,41,2,2017
20111,2017-02-11,42,2,2017
20112,2017-02-12,43,2,2017
20113,2017-02-13,44,2,2017
20114,2017-02-14,45,2,2017
20115,2017-02-15,46,2,2017
20116,2017-02-16,47,2,2017
20117,2017-02-17,48,2,2017
20118,2017-02-18,49,2,2017
20119,2017-02-19,50,2,2017
20120,2017-02-20,51,2,2017
20121,2017-02-21,52,2,2017
20122,2017-02-22,53,2,2017
20123,2017-02-23,54,2,2017
20124,2017-02-24,55,2,2017
20125,2017-02-25,56,2,2017
20126,2017-02-26,57,2,2017
20127,2017-02-27,58,2,2017
20128,2017-02-28,59,2,2017
20201,2017-03-01,60,3,2017
20202,2017-03-02,61,3,2017
20203,2017-03-03,62,3,2017
20204,2017-03-04,63,3,2017
20205,2017-03-05,64,3,2017
20206,2017-03-06,65,3,2017
20207,2017-03-07,66,3,2017
20208,2017-03-08,67,3,2017
20209,2017-03-09,68,3,2017
20210,2017-03-10,69,3,2017
20211,2017-03-11,70,3,2017
20212,2017-03-12,71,3,2017
20213,2017-03-13,72,3,2017
20214,2017-03-14,73,3,2017
20215,2017-03-15,74,3,2017
20216,2017-03-16,75,3,2017
20217,2017-03-17,76,3,2017
20218,2017-03-18,77,3,2017
20219,2017-03-19,78,3,2017
20220,2017-03-20,79,3,2017
20221,2017-03-21,80,3,2017
20222,2017-03-22,81,3,2017
20223,2017-03-23,82,3,2017
20224,2017-03-24,83,3,2017
20225,2017-03-25,84,3,2017
20226,2017-03-26,85,3,2017
20227,2017-03-27,86,3,2017
20228,2017-03-28,87,3,2017
20229,2017-03-29,88,3,2017
20230,2017-03-30,89,3,2017
20231,2017-03-31,90,3,2017
20301,2017-04-01,91,4,2017
20302,2017-04-02,92,4,2017
20303,2017-04-03,93,4,2017
20304,2017-04-04,94,4,2017
20305,2017-04-05,95,4,2017
20306,2017-04-06,96,4,2017
20307,2017-04-07,97,4,2017
20308,2017-04-08,98,4,2017
20309,2017-04-09,99,4,2017
20310,2017-04-10,100,4,2017
20311,2017-04-11,101,4,2017
20312,2017-04-12,102,4,2017
20313,2017-04-13,103,4,2017
20314,2017-04-14,104,4,2017
20315,2017-04-15,105,4,2017
20316,2017-04-16,106,4,2017
20317,2017-04-17,107,4,2017
20318,2017-04-18,108,4,2017
20319,2017-04-19,109,4,2017
20320,2017-04-20,110,4,2017
20321,2017-04-21,111,4,2017
20322,2017-04-22,112,4,2017
20323,2017-04-23,113,4,2017
20324,2017-04-24,114,4,2017
20325,2017-04-25,115,4,2017
20326,2017-04-26,116,4,2017
20327,2017-04-27,117,4,2017
20328,2017-04-28,118,4,2017
20329,2017-04-29,119,4,2017
20330,2017-04-30,120,4,2017
20401,2017-05-01,121,5,2017
20402,2017-05-02,122,5,2017
20403,2017-05-03,123,5,2017
20404,2017-05-04,124,5,2017
20405,2017-05-05,125,5,2017
20406,2017-05-06,126,5,2017
20407,2017-05-07,127,5,2017
20408,2017-05-08,128,5,2017
20409,2017-05-09,129,5,2017
20410,2017-05-10,130,5,2017
20411,2017-05-11,131,5,2017
20412,2017-05-12,132,5,2017
20413,2017-05-13,133,5,2017
20414,2017-05-14,134,5,2017
20415,2017-05-15,135,5,2017
20416,2017-05-16,136,5,2017
20417,2017-05-17,137,5,2017
20418,2017-05-18,138,5,2017
20419,2017-05-19,139,5,2017
20420,2017-05-20,140,5,2017
20421,2017-05-21,141,5,2017
20422,2017-05-22,142,5,2017
20423,2017-05-23,143,5,2017
20424,2017-05-24,144,5,2017
20425,2017-05-25,145,5,2017
20426,2017-05-26,146,5,2017
20427,2017-05-27,147,5,2017
20428,2017-05-28,148,5,2017
20429,2017-05-29,149,5,2017
20430,2017-05-30,150,5,2017
20431,2017-05-31,151,5,2017
20501,2017-06-01,152,6,2017
20502,2017-06-02,153,6,2017
20503,2017-06-03,154,6,2017
20504,2017-06-04,155,6,2017
20505,2017-06-05,156,6,2017
20506,2017-06-06,157,6,2017
20507,2017-06-07,158,6,2017
20508,2017-06-08,159,6,2017
20509,2017-06-09,160,6,2017
20510,2017-06-10,161,6,2017
20511,2017-06-11,162,6,2017
20512,2017-06-12,163,6,2017
20513,2017-06-13,164,6,2017
20514,2017-06-14,165,6,2017
20515,2017-06-15,166,6,2017
20516,2017-06-16,167,6,2017
20517,2017-06-17,168,6,2017
20518,2017-06-18,169,6,2017
20519,2017-06-19,170,6,2017
20520,2017-06-20,171,6,2017
20521,2017-06-21,172,6,2017
20522,2017-06-22,173,6,2017
20523,2017-06-23,174,6,2017
20524,2017-06-24,175,6,2017
20525,2017-06-25,176,6,2017
20526,2017-06-26,177,6,2017
20527,2017-06-27,178,6,2017
20528,2017-06-28,179,6,2017
20529,2017-06-29,180,6,2017
20530,2017-06-30,181,6,2017
20601,2017-07-01,182,7,2017
20602,2017-07-02,183,7,2017
20603,2017-07-03,184,7,2017
20604,2017-07-04,185,7,2017
20605,2017-07-05,186,7,2017
20606,2017-07-06,187,7,2017
20607,2017-07-07,188,7,2017
20608,2017-07-08,189,7,2017
20609,2017-07-09,190,7,2017
20610,2017-07-10,191,7,2017
20611,2017-07-11,192,7,2017
20612,2017-07-12,193,7,2017
20613,2017-07-13,194,7,2017
20614,2017-07-14,195,7,2017
20615,2017-07-15,196,7,2017
20616,2017-07-16,197,7,2017
20617,2017-07-17,198,7,2017
20618,2017-07-18,199,7,2017
20619,2017-07-19,200,7,2017
20620,2017-07-20,201,7,2017
20621,2017-07-21,202,7,2017
20622,2017-07-22,203,7,2017
20623,2017-07-23,204,7,2017
20624,2017-07-24,205,7,2017
20625,2017-07-25,206,7,2017
20626,2017-07-26,207,7,2017
20627,2017-07-27,208,7,2017
20628,2017-07-28,209,7,2017
20629,2017-07-29,210,7,2017
20630,2017-07-30,211,7,2017
20631,2017-07-31,212,7,2017
20701,2017-08-01,213,8,2017
20702,2017-08-02,214,8,2017
20703,2017-08-03,215,8,2017
20704,2017-08-04,216,8,2017
20705,2017-08-05,217,8,2017
20706,2017-08-06,218,8,2017
20707,2017-08-07,219,8,2017
20708,2017-08-08,220,8,2017
20709,2017-08-09,221,8,2017
20710,2017-08-10,222,8,2017
20711,2017-08-11,223,8,2017
20712,2017-08-12,224,8,2017
20713,2017-08-13,225,8,2017
20714,2017-08-14,226,8,2017
20715,2017-08-15,227,8,2017
20716,2017-08-16,228,8,2017
20717,2017-08-17,229,8,2017
20718,2017-08-18,230,8,2017
20719,2017-08-19,231,8,2017
20720,2017-08-20,232,8,2017
20721,2017-08-21,233,8,2017
20722,2017-08-22,234,8,2017
20723,2017-08-23,235,8,2017
20724,2017-08-24,236,8,2017
20725,2017-08-25,237,8,2017
20726,2017-08-26,238,8,2017
20727,2017-08-27,239,8,2017
20728,2017-08-28,240,8,2017
20729,2017-08-29,241,8,2017
20730,2017-08-30,242,8,2017
20731,2017-08-31,243,8,2017
20801,2017-09-01,244,9,2017
20802,2017-09-02,245,9,2017
20803,2017-09-03,246,9,2017
20804,2017-09-04,247,9,2017
20805,2017-09-05,248,9,2017
20806,2017-09-06,249,9,2017
20807,2017-09-07,250,9,2017
20808,2017-09-08,251,9,2017
20809,2017-09-09,252,9,2017
20810,2017-09-10,253,9,2017
20811,2017-09-11,254,9,2017
20812,2017-09-12,255,9,2017
20813,2017-09-13,256,9,2017
20814,2017-09-14,257,9,2017
20815,2017-09-15,258,9,2017
20816,2017-09-16,259,9,2017
20817,2017-09-17,260,9,2017
20818,2017-09-18,261,9,2017
20819,2017-09-19,262,9,2017
20820,2017-09-20,263,9,2017
20821,2017-09-21,264,9,2017
20822,2017-09-22,265,9,2017
20823,2017-09-23,266,9,2017
20824,2017-09-24,267,9,2017
20825,2017-09-25,268,9,2017
20826,2017-09-26,269,9,2017
20827,2017-09-27,270,9,2017
20828,2017-09-28,271,9,2017
20829,2017-09-29,272,9,2017
20830,2017-09-30,273,9,2017
20901,2017-10-01,274,10,2017
20902,2017-10-02,275,10,2017
20903,2017-10-03,276,10,2017
20904,2017-10-04,277,10,2017
20905,2017-10-05,278,10,2017
20906,2017-10-06,279,10,2017
20907,2017-10-07,280,10,2017
20908,2017-10-08,281,10,2017
20909,2017-10-09,282,10,2017
20910,2017-10-10,283,10,2017
20911,2017-10-11,284,10,2017
20912,2017-10-12,285,10,2017
20913,2017-10-13,286,10,2017
20914,2017-10-14,287,10,2017
20915,2017-10-15,288,10,2017
20916,2017-10-16,289,10,2017
20917,2017-10-17,290,10,2017
20918,2017-10-18,291,10,2017
20919,2017-10-19,292,10,2017
20920,2017-10-20,293,10,2017
20921,2017-10-21,294,10,2017
20922,2017-10-22,295,10,2017
20923,2017-10-23,296,10,2017
20924,2017-10-24,297,10,2017
20925,2017-10-25,298,10,2017
20926,2017-10-26,299,10,2017
20927,2017-10-27,300,10,2017
20928,2017-10-28,301,10,2017
20929,2017-10-29,302,10,2017
20930,2017-10-30,303,10,2017
20931,2017-10-31,304,10,2017
21001,2017-11-01,305,11,2017
21002,2017-11-02,306,11,2017
21003,2017-11-03,307,11,2017
21004,2017-11-04,308,11,2017
21005,2017-11-05,309,11,2017
21006,2017-11-06,310,11,2017
21007,2017-11-07,311,11,2017
21008,2017-11-08,312,11,2017
21009,2017-11-09,313,11,2017
21010,2017-11-10,314,11,2017
21011,2017-11-11,315,11,2017
21012,2017-11-12,316,11,2017
21013,2017-11-13,317,11,2017
21014,2017-11-14,318,11,2017
21015,2017-11-15,319,11,2017
21016,2017-11-16,320,11,2017
21017,2017-11-17,321,11,2017
21018,2017-11-18,322,11,2017
21019,2017-11-19,323,11,2017
21020,2017-11-20,324,11,2017
21021,2017-11-21,325,11,2017
21022,2017-11-22,326,11,2017
21023,2017-11-23,327,11,2017
21024,2017-11-24,328,11,2017
21025,2017-11-25,329,11,2017
21026,2017-11-26,330,11,2017
21027,2017-11-27,331,11,2017
21028,2017-11-28,332,11,2017
21029,2017-11-29,333,11,2017
21030,2017-11-30,334,11,2017
21101,2017-12-01,335,12,2017
21102,2017-12-02,336,12,2017
21103,2017-12-03,337,12,2017
21104,2017-12-04,338,12,2017
21105,2017-12-05,339,12,2017
21106,2017-12-06,340,12,2017
21107,2017-12-07,341,12,2017
21108,2017-12-08,342,12,2017
21109,2017-12-09,343,12,2017
21110,2017-12-10,344,12,2017
21111,2017-12-11,345,12,2017
21112,2017-12-12,346,12,2017
21113,2017-12-13,347,12,2017
21114,2017-12-14,348,12,2017
21115,2017-12-15,349,12,2017
21116,2017-12-16,350,12,2017
21117,2017-12-17,351,12,2017
21118,2017-12-18,352,12,2017
21119,2017-12-19,353,12,2017
21120,2017-12-20,354,12,2017
21121,2017-12-21,355,12,2017
21122,2017-12-22,356,12,2017
21123,2017-12-23,357,12,2017
21124,2017-12-24,358,12,2017
21125,2017-12-25,359,12,2017
21126,2017-12-26,360,12,2017
21127,2017-12-27,361,12,2017
21128,2017-12-28,362,12,2017
21129,2017-12-29,363,12,2017
21130,2017-12-30,364,12,2017
21131,2017-12-31,365,12,2017
30001,2018-01-01,1,1,2018
30002,2018-01-02,2,1,2018
30003,2018-01-03,3,1,2018
30004,2018-01-04,4,1,2018
30005,2018-01-05,5,1,2018
30006,2018-01-06,6,1,2018
30007,2018-01-07,7,1,2018
30008,2018-01-08,8,1,2018
30009,2018-01-09,9,1,2018
30010,2018-01-10,10,1,2018
30011,2018-01-11,11,1,2018
30012,2018-01-12,12,1,2018
30013,2018-01-13,13,1,2018
30014,2018-01-14,14,1,2018
30015,2018-01-15,15,1,2018
30016,2018-01-16,16,1,2018
30017,2018-01-17,17,1,2018
30018,2018-01-18,18,1,2018
30019,2018-01-19,19,1,2018
30020,2018-01-20,20,1,2018
30021,2018-01-21,21,1,2018
30022,2018-01-22,22,1,2018
30023,2018-01-23,23,1,2018
30024,2018-01-24,24,1,2018
30025,2018-01-25,25,1,2018
30026,2018-01-26,26,1,2018
30027,2018-01-27,27,1,2018
30028,2018-01-28,28,1,2018
30029,2018-01-29,29,1,2018
30030,2018-01-30,30,1,2018
30031,2018-01-31,31,1,2018
30101,2018-02-01,32,2,2018
30102,2018-02-02,33,2,2018
30103,2018-02-03,34,2,2018
30104,2018-02-04,35,2,2018
30105,2018-02-05,36,2,2018
30106,2018-02-06,37,2,2018
30107,2018-02-07,38,2,2018
30108,2018-02-08,39,2,2018
30109,2018-02-09,40,2,2018
30110,2018-02-10,41,2,2018
30111,2018-02-11,42,2,2018
30112,2018-02-12,43,2,2018
30113,2018-02-13,44,2,2018
30114,2018-02-14,45,2,2018
30115,2018-02-15,46,2,2018
30116,2018-02-16,47,2,2018
30117,2018-02-17,48,2,2018
30118,2018-02-18,49,2,2018
30119,2018-02-19,50,2,2018
30120,2018-02-20,51,2,2018
30121,2018-02-21,52,2,2018
30122,2018-02-22,53,2,2018
30123,2018-02-23,54,2,2018
30124,2018-02-24,55,2,2018
30125,2018-02-25,56,2,2018
30126,2018-02-26,57,2,2018
30127,2018-02-27,58,2,2018
30128,2018-02-28,59,2,2018
30201,2018-03-01,60,3,2018
30202,2018-03-02,61,3,2018
30203,2018-03-03,62,3,2018
30204,2018-03-04,63,3,2018
30205,2018-03-05,64,3,2018
30206,2018-03-06,65,3,2018
30207,2018-03-07,66,3,2018
30208,2018-03-08,67,3,2018
30209,2018-03-09,68,3,2018
30210,2018-03-10,69,3,2018
30211,2018-03-11,70,3,2018
30212,2018-03-12,71,3,2018
30213,2018-03-13,72,3,2018
30214,2018-03-14,73,3,2018
30215,2018-03-15,74,3,2018
30216,2018-03-16,75,3,2018
30217,2018-03-17,76,3,2018
30218,2018-03-18,77,3,2018
30219,2018-03-19,78,3,2018
30220,2018-03-20,79,3,2018
30221,2018-03-21,80,3,2018
30222,2018-03-22,81,3,2018
30223,2018-03-23,82,3,2018
30224,2018-03-24,83,3,2018
30225,2018-03-25,84,3,2018
30226,2018-03-26,85,3,2018
30227,2018-03-27,86,3,2018
30228,2018-03-28,87,3,2018
30229,2018-03-29,88,3,2018
30230,2018-03-30,89,3,2018
30231,2018-03-31,90,3,2018
30301,2018-04-01,91,4,2018
30302,2018-04-02,92,4,2018
30303,2018-04-03,93,4,2018
30304,2018-04-04,94,4,2018
30305,2018-04-05,95,4,2018
30306,2018-04-06,96,4,2018
30307,2018-04-07,97,4,2018
30308,2018-04-08,98,4,2018
30309,2018-04-09,99,4,2018
30310,2018-04-10,100,4,2018
30311,2018-04-11,101,4,2018
30312,2018-04-12,102,4,2018
30313,2018-04-13,103,4,2018
30314,2018-04-14,104,4,2018
30315,2018-04-15,105,4,2018
30316,2018-04-16,106,4,2018
30317,2018-04-17,107,4,2018
30318,2018-04-18,108,4,2018
30319,2018-04-19,109,4,2018
30320,2018-04-20,110,4,2018
30321,2018-04-21,111,4,2018
30322,2018-04-22,112,4,2018
30323,2018-04-23,113,4,2018
30324,2018-04-24,114,4,2018
30325,2018-04-25,115,4,2018
30326,2018-04-26,116,4,2018
30327,2018-04-27,117,4,2018
30328,2018-04-28,118,4,2018
30329,2018-04-29,119,4,2018
30330,2018-04-30,120,4,2018
30401,2018-05-01,121,5,2018
30402,2018-05-02,122,5,2018
30403,2018-05-03,123,5,2018
30404,2018-05-04,124,5,2018
30405,2018-05-05,125,5,2018
30406,2018-05-06,126,5,2018
30407,2018-05-07,127,5,2018
30408,2018-05-08,128,5,2018
30409,2018-05-09,129,5,2018
30410,2018-05-10,130,5,2018
30411,2018-05-11,131,5,2018
30412,2018-05-12,132,5,2018
30413,2018-05-13,133,5,2018
30414,2018-05-14,134,5,2018
30415,2018-05-15,135,5,2018
30416,2018-05-16,136,5,2018
30417,2018-05-17,137,5,2018
30418,2018-05-18,138,5,2018
30419,2018-05-19,139,5,2018
30420,2018-05-20,140,5,2018
30421,2018-05-21,141,5,2018
30422,2018-05-22,142,5,2018
30423,2018-05-23,143,5,2018
30424,2018-05-24,144,5,2018
30425,2018-05-25,145,5,2018
30426,2018-05-26,146,5,2018
30427,2018-05-27,147,5,2018
30428,2018-05-28,148,5,2018
30429,2018-05-29,149,5,2018
30430,2018-05-30,150,5,2018
30431,2018-05-31,151,5,2018
30501,2018-06-01,152,6,2018
30502,2018-06-02,153,6,2018
30503,2018-06-03,154,6,2018
30504,2018-06-04,155,6,2018
30505,2018-06-05,156,6,2018
30506,2018-06-06,157,6,2018
30507,2018-06-07,158,6,2018
30508,2018-06-08,159,6,2018
30509,2018-06-09,160,6,2018
30510,2018-06-10,161,6,2018
30511,2018-06-11,162,6,2018
30512,2018-06-12,163,6,2018
30513,2018-06-13,164,6,2018
30514,2018-06-14,165,6,2018
30515,2018-06-15,166,6,2018
30516,2018-06-16,167,6,2018
30517,2018-06-17,168,6,2018
30518,2018-06-18,169,6,2018
30519,2018-06-19,170,6,2018
30520,2018-06-20,171,6,2018
30521,2018-06-21,172,6,2018
30522,2018-06-22,173,6,2018
30523,2018-06-23,174,6,2018
30524,2018-06-24,175,6,2018
30525,2018-06-25,176,6,2018
30526,2018-06-26,177,6,2018
30527,2018-06-27,178,6,2018
30528,2018-06-28,179,6,2018
30529,2018-06-29,180,6,2018
30530,2018-06-30,181,6,2018
30601,2018-07-01,182,7,2018
30602,2018-07-02,183,7,2018
30603,2018-07-03,184,7,2018
30604,2018-07-04,185,7,2018
30605,2018-07-05,186,7,2018
30606,2018-07-06,187,7,2018
30607,2018-07-07,188,7,2018
30608,2018-07-08,189,7,2018
30609,2018-07-09,190,7,2018
30610,2018-07-10,191,7,2018
30611,2018-07-11,192,7,2018
30612,2018-07-12,193,7,2018
30613,2018-07-13,194,7,2018
30614,2018-07-14,195,7,2018
30615,2018-07-15,196,7,2018
30616,2018-07-16,197,7,2018
30617,2018-07-17,198,7,2018
30618,2018-07-18,199,7,2018
30619,2018-07-19,200,7,2018
30620,2018-07-20,201,7,2018
30621,2018-07-21,202,7,2018
30622,2018-07-22,203,7,2018
30623,2018-07-23,204,7,2018
30624,2018-07-24,205,7,2018
30625,2018-07-25,206,7,2018
30626,2018-07-26,207,7,2018
30627,2018-07-27,208,7,2018
30628,2018-07-28,209,7,2018
30629,2018-07-29,210,7,2018
30630,2018-07-30,211,7,2018
30631,2018-07-31,212,7,2018
30701,2018-08-01,213,8,2018
30702,2018-08-02,214,8,2018
30703,2018-08-03,215,8,2018
30704,2018-08-04,216,8,2018
30705,2018-08-05,217,8,2018
30706,2018-08-06,218,8,2018
30707,2018-08-07,219,8,2018
30708,2018-08-08,220,8,2018
30709,2018-08-09,221,8,2018
30710,2018-08-10,222,8,2018
30711,2018-08-11,223,8,2018
30712,2018-08-12,224,8,2018
30713,2018-08-13,225,8,2018
30714,2018-08-14,226,8,2018
30715,2018-08-15,227,8,2018
30716,2018-08-16,228,8,2018
30717,2018-08-17,229,8,2018
30718,2018-08-18,230,8,2018
30719,2018-08-19,231,8,2018
30720,2018-08-20,232,8,2018
30721,2018-08-21,233,8,2018
30722,2018-08-22,234,8,2018
30723,2018-08-23,235,8,2018
30724,2018-08-24,236,8,2018
30725,2018-08-25,237,8,2018
30726,2018-08-26,238,8,2018
30727,2018-08-27,239,8,2018
30728,2018-08-28,240,8,2018
30729,2018-08-29,241,8,2018
30730,2018-08-30,242,8,2018
30731,2018-08-31,243,8,2018
30801,2018-09-01,244,9,2018
30802,2018-09-02,245,9,2018
30803,2018-09-03,246,9,2018
30804,2018-09-04,247,9,2018
30805,2018-09-05,248,9,2018
30806,2018-09-06,249,9,2018
30807,2018-09-07,250,9,2018
30808,2018-09-08,251,9,2018
30809,2018-09-09,252,9,2018
30810,2018-09-10,253,9,2018
30811,2018-09-11,254,9,2018
30812,2018-09-12,255,9,2018
30813,2018-09-13,256,9,2018
30814,2018-09-14,257,9,2018
30815,2018-09-15,258,9,2018
30816,2018-09-16,259,9,2018
30817,2018-09-17,260,9,2018
30818,2018-09-18,261,9,2018
30819,2018-09-19,262,9,2018
30820,2018-09-20,263,9,2018
30821,2018-09-21,264,9,2018
30822,2018-09-22,265,9,2018
30823,2018-09-23,266,9,2018
30824,2018-09-24,267,9,2018
30825,2018-09-25,268,9,2018
30826,2018-09-26,269,9,2018
30827,2018-09-27,270,9,2018
30828,2018-09-28,271,9,2018
30829,2018-09-29,272,9,2018
30830,2018-09-30,273,9,2018
30901,2018-10-01,274,10,2018
30902,2018-10-02,275,10,2018
30903,2018-10-03,276,10,2018
30904,2018-10-04,277,10,2018
30905,2018-10-05,278,10,2018
30906,2018-10-06,279,10,2018
30907,2018-10-07,280,10,2018
30908,2018-10-08,281,10,2018
30909,2018-10-09,282,10,2018
30910,2018-10-10,283,10,2018
30911,2018-10-11,284,10,2018
30912,2018-10-12,285,10,2018
30913,2018-10-13,286,10,2018
30914,2018-10-14,287,10,2018
30915,2018-10-15,288,10,2018
30916,2018-10-16,289,10,2018
30917,2018-10-17,290,10,2018
30918,2018-10-18,291,10,2018
30919,2018-10-19,292,10,2018
30920,2018-10-20,293,10,2018
30921,2018-10-21,294,10,2018
30922,2018-10-22,295,10,2018
30923,2018-10-23,296,10,2018
30924,2018-10-24,297,10,2018
30925,2018-10-25,298,10,2018
30926,2018-10-26,299,10,2018
30927,2018-10-27,300,10,2018
30928,2018-10-28,301,10,2018
30929,2018-10-29,302,10,2018
30930,2018-10-30,303,10,2018
30931,2018-10-31,304,10,2018
31001,2018-11-01,305,11,2018
31002,2018-11-02,306,11,2018
31003,2018-11-03,307,11,2018
31004,2018-11-04,308,11,2018
31005,2018-11-05,309,11,2018
31006,2018-11-06,310,11,2018
31007,2018-11-07,311,11,2018
31008,2018-11-08,312,11,2018
31009,2018-11-09,313,11,2018
31010,2018-11-10,314,11,2018
31011,2018-11-11,315,11,2018
31012,2018-11-12,316,11,2018
31013,2018-11-13,317,11,2018
31014,2018-11-14,318,11,2018
31015,2018-11-15,319,11,2018
31016,2018-11-16,320,11,2018
31017,2018-11-17,321,11,2018
31018,2018-11-18,322,11,2018
31019,2018-11-19,323,11,2018
31020,2018-11-20,324,11,2018
31021,2018-11-21,325,11,2018
31022,2018-11-22,326,11,2018
31023,2018-11-23,327,11,2018
31024,2018-11-24,328,11,2018
31025,2018-11-25,329,11,2018
31026,2018-11-26,330,11,2018
31027,2018-11-27,331,11,2018
31028,2018-11-28,332,11,2018
31029,2018-11-29,333,11,2018
31030,2018-11-30,334,11,2018
31101,2018-12-01,335,12,2018
31102,2018-12-02,336,12,2018
31103,2018-12-03,337,12,2018
31104,2018-12-04,338,12,2018
31105,2018-12-05,339,12,2018
31106,2018-12-06,340,12,2018
31107,2018-12-07,341,12,2018
31108,2018-12-08,342,12,2018
31109,2018-12-09,343,12,2018
31110,2018-12-10,344,12,2018
31111,2018-12-11,345,12,2018
31112,2018-12-12,346,12,2018
31113,2018-12-13,347,12,2018
31114,2018-12-14,348,12,2018
31115,2018-12-15,349,12,2018
31116,2018-12-16,350,12,2018
31117,2018-12-17,351,12,2018
31118,2018-12-18,352,12,2018
31119,2018-12-19,353,12,2018
31120,2018-12-20,354,12,2018
31121,2018-12-21,355,12,2018
31122,2018-12-22,356,12,2018
31123,2018-12-23,357,12,2018
31124,2018-12-24,358,12,2018
31125,2018-12-25,359,12,2018
31126,2018-12-26,360,12,2018
31127,2018-12-27,361,12,2018
31128,2018-12-28,362,12,2018
31129,2018-12-29,363,12,2018
31130,2018-12-30,364,12,2018
31131,2018-12-31,365,12,2018
40001,2019-01-01,1,1,2019
40002,2019-01-02,2,1,2019
40003,2019-01-03,3,1,2019
40004,2019-01-04,4,1,2019
40005,2019-01-05,5,1,2019
40006,2019-01-06,6,1,2019
40007,2019-01-07,7,1,2019
40008,2019-01-08,8,1,2019
40009,2019-01-09,9,1,2019
40010,2019-01-10,10,1,2019
40011,2019-01-11,11,1,2019
40012,2019-01-12,12,1,2019
40013,2019-01-13,13,1,2019
40014,2019-01-14,14,1,2019
40015,2019-01-15,15,1,2019
40016,2019-01-16,16,1,2019
40017,2019-01-17,17,1,2019
40018,2019-01-18,18,1,2019
40019,2019-01-19,19,1,2019
40020,2019-01-20,20,1,2019
40021,2019-01-21,21,1,2019
40022,2019-01-22,22,1,2019
40023,2019-01-23,23,1,2019
40024,2019-01-24,24,1,2019
40025,2019-01-25,25,1,2019
40026,2019-01-26,26,1,2019
40027,2019-01-27,27,1,2019
40028,2019-01-28,28,1,2019
40029,2019-01-29,29,1,2019
40030,2019-01-30,30,1,2019
40031,2019-01-31,31,1,2019
40101,2019-02-01,32,2,2019
40102,2019-02-02,33,2,2019
40103,2019-02-03,34,2,2019
40104,2019-02-04,35,2,2019
40105,2019-02-05,36,2,2019
40106,2019-02-06,37,2,2019
40107,2019-02-07,38,2,2019
40108,2019-02-08,39,2,2019
40109,2019-02-09,40,2,2019
40110,2019-02-10,41,2,2019
40111,2019-02-11,42,2,2019
40112,2019-02-12,43,2,2019
40113,2019-02-13,44,2,2019
40114,2019-02-14,45,2,2019
40115,2019-02-15,46,2,2019
40116,2019-02-16,47,2,2019
40117,2019-02-17,48,2,2019
40118,2019-02-18,49,2,2019
40119,2019-02-19,50,2,2019
40120,2019-02-20,51,2,2019
40121,2019-02-21,52,2,2019
40122,2019-02-22,53,2,2019
40123,2019-02-23,54,2,2019
40124,2019-02-24,55,2,2019
40125,2019-02-25,56,2,2019
40126,2019-02-26,57,2,2019
40127,2019-02-27,58,2,2019
40128,2019-02-28,59,2,2019
40201,2019-03-01,60,3,2019
40202,2019-03-02,61,3,2019
40203,2019-03-03,62,3,2019
40204,2019-03-04,63,3,2019
40205,2019-03-05,64,3,2019
40206,2019-03-06,65,3,2019
40207,2019-03-07,66,3,2019
40208,2019-03-08,67,3,2019
40209,2019-03-09,68,3,2019
40210,2019-03-10,69,3,2019
40211,2019-03-11,70,3,2019
40212,2019-03-12,71,3,2019
40213,2019-03-13,72,3,2019
40214,2019-03-14,73,3,2019
40215,2019-03-15,74,3,2019
40216,2019-03-16,75,3,2019
40217,2019-03-17,76,3,2019
40218,2019-03-18,77,3,2019
40219,2019-03-19,78,3,2019
40220,2019-03-20,79,3,2019
40221,2019-03-21,80,3,2019
40222,2019-03-22,81,3,2019
40223,2019-03-23,82,3,2019
40224,2019-03-24,83,3,2019
40225,2019-03-25,84,3,2019
40226,2019-03-26,85,3,2019
40227,2019-03-27,86,3,2019
40228,2019-03-28,87,3,2019
40229,2019-03-29,88,3,2019
40230,2019-03-30,89,3,2019
40231,2019-03-31,90,3,2019
40301,2019-04-01,91,4,2019
40302,2019-04-02,92,4,2019
40303,2019-04-03,93,4,2019
40304,2019-04-04,94,4,2019
40305,2019-04-05,95,4,2019
40306,2019-04-06,96,4,2019
40307,2019-04-07,97,4,2019
40308,2019-04-08,98,4,2019
40309,2019-04-09,99,4,2019
40310,2019-04-10,100,4,2019
40311,2019-04-11,101,4,2019
40312,2019-04-12,102,4,2019
40313,2019-04-13,103,4,2019
40314,2019-04-14,104,4,2019
40315,2019-04-15,105,4,2019
40316,2019-04-16,106,4,2019
40317,2019-04-17,107,4,2019
40318,2019-04-18,108,4,2019
40319,2019-04-19,109,4,2019
40320,2019-04-20,110,4,2019
40321,2019-04-21,111,4,2019
40322,2019-04-22,112,4,2019
40323,2019-04-23,113,4,2019
40324,2019-04-24,114,4,2019
40325,2019-04-25,115,4,2019
40326,2019-04-26,116,4,2019
40327,2019-04-27,117,4,2019
40328,2019-04-28,118,4,2019
40329,2019-04-29,119,4,2019
40330,2019-04-30,120,4,2019
40401,2019-05-01,121,5,2019
40402,2019-05-02,122,5,2019
40403,2019-05-03,123,5,2019
40404,2019-05-04,124,5,2019
40405,2019-05-05,125,5,2019
40406,2019-05-06,126,5,2019
40407,2019-05-07,127,5,2019
40408,2019-05-08,128,5,2019
40409,2019-05-09,129,5,2019
40410,2019-05-10,130,5,2019
40411,2019-05-11,131,5,2019
40412,2019-05-12,132,5,2019
40413,2019-05-13,133,5,2019
40414,2019-05-14,134,5,2019
40415,2019-05-15,135,5,2019
40416,2019-05-16,136,5,2019
40417,2019-05-17,137,5,2019
40418,2019-05-18,138,5,2019
40419,2019-05-19,139,5,2019
40420,2019-05-20,140,5,2019
40421,2019-05-21,141,5,2019
40422,2019-05-22,142,5,2019
40423,2019-05-23,143,5,2019
40424,2019-05-24,144,5,2019
40425,2019-05-25,145,5,2019
40426,2019-05-26,146,5,2019
40427,2019-05-27,147,5,2019
40428,2019-05-28,148,5,2019
40429,2019-05-29,149,5,2019
40430,2019-05-30,150,5,2019
40431,2019-05-31,151,5,2019
40501,2019-06-01,152,6,2019
40502,2019-06-02,153,6,2019
40503,2019-06-03,154,6,2019
40504,2019-06-04,155,6,2019
40505,2019-06-05,156,6,2019
40506,2019-06-06,157,6,2019
40507,2019-06-07,158,6,2019
40508,2019-06-08,159,6,2019
40509,2019-06-09,160,6,2019
40510,2019-06-10,161,6,2019
40511,2019-06-11,162,6,2019
40512,2019-06-12,163,6,2019
40513,2019-06-13,164,6,2019
40514,2019-06-14,165,6,2019
40515,2019-06-15,166,6,2019
40516,2019-06-16,167,6,2019
40517,2019-06-17,168,6,2019
40518,2019-06-18,169,6,2019
40519,2019-06-19,170,6,2019
40520,2019-06-20,171,6,2019
40521,2019-06-21,172,6,2019
40522,2019-06-22,173,6,2019
40523,2019-06-23,174,6,2019
40524,2019-06-24,175,6,2019
40525,2019-06-25,176,6,2019
40526,2019-06-26,177,6,2019
40527,2019-06-27,178,6,2019
40528,2019-06-28,179,6,2019
40529,2019-06-29,180,6,2019
40530,2019-06-30,181,6,2019
40601,2019-07-01,182,7,2019
40602,2019-07-02,183,7,2019
40603,2019-07-03,184,7,2019
40604,2019-07-04,185,7,2019
40605,2019-07-05,186,7,2019
40606,2019-07-06,187,7,2019
40607,2019-07-07,188,7,2019
40608,2019-07-08,189,7,2019
40609,2019-07-09,190,7,2019
40610,2019-07-10,191,7,2019
40611,2019-07-11,192,7,2019
40612,2019-07-12,193,7,2019
40613,2019-07-13,194,7,2019
40614,2019-07-14,195,7,2019
40615,2019-07-15,196,7,2019
40616,2019-07-16,197,7,2019
40617,2019-07-17,198,7,2019
40618,2019-07-18,199,7,2019
40619,2019-07-19,200,7,2019
40620,2019-07-20,201,7,2019
40621,2019-07-21,202,7,2019
40622,2019-07-22,203,7,2019
40623,2019-07-23,204,7,2019
40624,2019-07-24,205,7,2019
40625,2019-07-25,206,7,2019
40626,2019-07-26,207,7,2019
40627,2019-07-27,208,7,2019
40628,2019-07-28,209,7,2019
40629,2019-07-29,210,7,2019
40630,2019-07-30,211,7,2019
40631,2019-07-31,212,7,2019
40701,2019-08-01,213,8,2019
40702,2019-08-02,214,8,2019
40703,2019-08-03,215,8,2019
40704,2019-08-04,216,8,2019
40705,2019-08-05,217,8,2019
40706,2019-08-06,218,8,2019
40707,2019-08-07,219,8,2019
40708,2019-08-08,220,8,2019
40709,2019-08-09,221,8,2019
40710,2019-08-10,222,8,2019
40711,2019-08-11,223,8,2019
40712,2019-08-12,224,8,2019
40713,2019-08-13,225,8,2019
40714,2019-08-14,226,8,2019
40715,2019-08-15,227,8,2019
40716,2019-08-16,228,8,2019
40717,2019-08-17,229,8,2019
40718,2019-08-18,230,8,2019
40719,2019-08-19,231,8,2019
40720,2019-08-20,232,8,2019
40721,2019-08-21,233,8,2019
40722,2019-08-22,234,8,2019
40723,2019-08-23,235,8,2019
40724,2019-08-24,236,8,2019
40725,2019-08-25,237,8,2019
40726,2019-08-26,238,8,2019
40727,2019-08-27,239,8,2019
40728,2019-08-28,240,8,2019
40729,2019-08-29,241,8,2019
40730,2019-08-30,242,8,2019
40731,2019-08-31,243,8,2019
40801,2019-09-01,244,9,2019
40802,2019-09-02,245,9,2019
40803,2019-09-03,246,9,2019
40804,2019-09-04,247,9,2019
40805,2019-09-05,248,9,2019
40806,2019-09-06,249,9,2019
40807,2019-09-07,250,9,2019
40808,2019-09-08,251,9,2019
40809,2019-09-09,252,9,2019
40810,2019-09-10,253,9,2019
40811,2019-09-11,254,9,2019
40812,2019-09-12,255,9,2019
40813,2019-09-13,256,9,2019
40814,2019-09-14,257,9,2019
40815,2019-09-15,258,9,2019
40816,2019-09-16,259,9,2019
40817,2019-09-17,260,9,2019
40818,2019-09-18,261,9,2019
40819,2019-09-19,262,9,2019
40820,2019-09-20,263,9,2019
40821,2019-09-21,264,9,2019
40822,2019-09-22,265,9,2019
40823,2019-09-23,266,9,2019
40824,2019-09-24,267,9,2019
40825,2019-09-25,268,9,2019
40826,2019-09-26,269,9,2019
40827,2019-09-27,270,9,2019
40828,2019-09-28,271,9,2019
40829,2019-09-29,272,9,2019
40830,2019-09-30,273,9,2019
40901,2019-10-01,274,10,2019
40902,2019-10-02,275,10,2019
40903,2019-10-03,276,10,2019
40904,2019-10-04,277,10,2019
40905,2019-10-05,278,10,2019
40906,2019-10-06,279,10,2019
40907,2019-10-07,280,10,2019
40908,2019-10-08,281,10,2019
40909,2019-10-09,282,10,2019
40910,2019-10-10,283,10,2019
40911,2019-10-11,284,10,2019
40912,2019-10-12,285,10,2019
40913,2019-10-13,286,10,2019
40914,2019-10-14,287,10,2019
40915,2019-10-15,288,10,2019
40916,2019-10-16,289,10,2019
40917,2019-10-17,290,10,2019
40918,2019-10-18,291,10,2019
40919,2019-10-19,292,10,2019
40920,2019-10-20,293,10,2019
40921,2019-10-21,294,10,2019
40922,2019-10-22,295,10,2019
40923,2019-10-23,296,10,2019
40924,2019-10-24,297,10,2019
40925,2019-10-25,298,10,2019
40926,2019-10-26,299,10,2019
40927,2019-10-27,300,10,2019
40928,2019-10-28,301,10,2019
40929,2019-10-29,302,10,2019
40930,2019-10-30,303,10,2019
40931,2019-10-31,304,10,2019
41001,2019-11-01,305,11,2019
41002,2019-11-02,306,11,2019
41003,2019-11-03,307,11,2019
41004,2019-11-04,308,11,2019
41005,2019-11-05,309,11,2019
41006,2019-11-06,310,11,2019
41007,2019-11-07,311,11,2019
41008,2019-11-08,312,11,2019
41009,2019-11-09,313,11,2019
41010,2019-11-10,314,11,2019
41011,2019-11-11,315,11,2019
41012,2019-11-12,316,11,2019
41013,2019-11-13,317,11,2019
41014,2019-11-14,318,11,2019
41015,2019-11-15,319,11,2019
41016,2019-11-16,320,11,2019
41017,2019-11-17,321,11,2019
41018,2019-11-18,322,11,2019
41019,2019-11-19,323,11,2019
41020,2019-11-20,324,11,2019
41021,2019-11-21,325,11,2019
41022,2019-11-22,326,11,2019
41023,2019-11-23,327,11,2019
41024,2019-11-24,328,11,2019
41025,2019-11-25,329,11,2019
41026,2019-11-26,330,11,2019
41027,2019-11-27,331,11,2019
41028,2019-11-28,332,11,2019
41029,2019-11-29,333,11,2019
41030,2019-11-30,334,11,2019
41101,2019-12-01,335,12,2019
41102,2019-12-02,336,12,2019
41103,2019-12-03,337,12,2019
41104,2019-12-04,338,12,2019
41105,2019-12-05,339,12,2019
41106,2019-12-06,340,12,2019
41107,2019-12-07,341,12,2019
41108,2019-12-08,342,12,2019
41109,2019-12-09,343,12,2019
41110,2019-12-10,344,12,2019
41111,2019-12-11,345,12,2019
41112,2019-12-12,346,12,2019
41113,2019-12-13,347,12,2019
41114,2019-12-14,348,12,2019
41115,2019-12-15,349,12,2019
41116,2019-12-16,350,12,2019
41117,2019-12-17,351,12,2019
41118,2019-12-18,352,12,2019
41119,2019-12-19,353,12,2019
41120,2019-12-20,354,12,2019
41121,2019-12-21,355,12,2019
41122,2019-12-22,356,12,2019
41123,2019-12-23,357,12,2019
41124,2019-12-24,358,12,2019
41125,2019-12-25,359,12,2019
41126,2019-12-26,360,12,2019
41127,2019-12-27,361,12,2019
41128,2019-12-28,362,12,2019
41129,2019-12-29,363,12,2019
41130,2019-12-30,364,12,2019
41131,2019-12-31,365,12,2019
50001,2020-01-01,1,1,2020
50002,2020-01-02,2,1,2020
50003,2020-01-03,3,1,2020
50004,2020-01-04,4,1,2020
50005,2020-01-05,5,1,2020
50006,2020-01-06,6,1,2020
50007,2020-01-07,7,1,2020
50008,2020-01-08,8,1,2020
50009,2020-01-09,9,1,2020
50010,2020-01-10,10,1,2020
50011,2020-01-11,11,1,2020
50012,2020-01-12,12,1,2020
50013,2020-01-13,13,1,2020
50014,2020-01-14,14,1,2020
50015,2020-01-15,15,1,2020
50016,2020-01-16,16,1,2020
50017,2020-01-17,17,1,2020
50018,2020-01-18,18,1,2020
50019,2020-01-19,19,1,2020
50020,2020-01-20,20,1,2020
50021,2020-01-21,21,1,2020
50022,2020-01-22,22,1,2020
50023,2020-01-23,23,1,2020
50024,2020-01-24,24,1,2020
50025,2020-01-25,25,1,2020
50026,2020-01-26,26,1,2020
50027,2020-01-27,27,1,2020
50028,2020-01-28,28,1,2020
50029,2020-01-29,29,1,2020
50030,2020-01-30,30,1,2020
50031,2020-01-31,31,1,2020
50101,2020-02-01,32,2,2020
50102,2020-02-02,33,2,2020
50103,2020-02-03,34,2,2020
50104,2020-02-04,35,2,2020
50105,2020-02-05,36,2,2020
50106,2020-02-06,37,2,2020
50107,2020-02-07,38,2,2020
50108,2020-02-08,39,2,2020
50109,2020-02-09,40,2,2020
50110,2020-02-10,41,2,2020
50111,2020-02-11,42,2,2020
50112,2020-02-12,43,2,2020
50113,2020-02-13,44,2,2020
50114,2020-02-14,45,2,2020
50115,2020-02-15,46,2,2020
50116,2020-02-16,47,2,2020
50117,2020-02-17,48,2,2020
50118,2020-02-18,49,2,2020
50119,2020-02-19,50,2,2020
50120,2020-02-20,51,2,2020
50121,2020-02-21,52,2,2020
50122,2020-02-22,53,2,2020
50123,2020-02-23,54,2,2020
50124,2020-02-24,55,2,2020
50125,2020-02-25,56,2,2020
50126,2020-02-26,57,2,2020
50127,2020-02-27,58,2,2020
50128,2020-02-28,59,2,2020
50129,2020-02-29,60,2,2020
50201,2020-03-01,61,3,2020
50202,2020-03-02,62,3,2020
50203,2020-03-03,63,3,2020
50204,2020-03-04,64,3,2020
50205,2020-03-05,65,3,2020
50206,2020-03-06,66,3,2020
50207,2020-03-07,67,3,2020
50208,2020-03-08,68,3,2020
50209,2020-03-09,69,3,2020
50210,2020-03-10,70,3,2020
50211,2020-03-11,71,3,2020
50212,2020-03-12,72,3,2020
50213,2020-03-13,73,3,2020
50214,2020-03-14,74,3,2020
50215,2020-03-15,75,3,2020
50216,2020-03-16,76,3,2020
50217,2020-03-17,77,3,2020
50218,2020-03-18,78,3,2020
50219,2020-03-19,79,3,2020
50220,2020-03-20,80,3,2020
50221,2020-03-21,81,3,2020
50222,2020-03-22,82,3,2020
50223,2020-03-23,83,3,2020
50224,2020-03-24,84,3,2020
50225,2020-03-25,85,3,2020
50226,2020-03-26,86,3,2020
50227,2020-03-27,87,3,2020
50228,2020-03-28,88,3,2020
50229,2020-03-29,89,3,2020
50230,2020-03-30,90,3,2020
50231,2020-03-31,91,3,2020
50301,2020-04-01,92,4,2020
50302,2020-04-02,93,4,2020
50303,2020-04-03,94,4,2020
50304,2020-04-04,95,4,2020
50305,2020-04-05,96,4,2020
50306,2020-04-06,97,4,2020
50307,2020-04-07,98,4,2020
50308,2020-04-08,99,4,2020
50309,2020-04-09,100,4,2020
50310,2020-04-10,101,4,2020
50311,2020-04-11,102,4,2020
50312,2020-04-12,103,4,2020
50313,2020-04-13,104,4,2020
50314,2020-04-14,105,4,2020
50315,2020-04-15,106,4,2020
50316,2020-04-16,107,4,2020
50317,2020-04-17,108,4,2020
50318,2020-04-18,109,4,2020
50319,2020-04-19,110,4,2020
50320,2020-04-20,111,4,2020
50321,2020-04-21,112,4,2020
50322,2020-04-22,113,4,2020
50323,2020-04-23,114,4,2020
50324,2020-04-24,115,4,2020
50325,2020-04-25,116,4,2020
50326,2020-04-26,117,4,2020
50327,2020-04-27,118,4,2020
50328,2020-04-28,119,4,2020
50329,2020-04-29,120,4,2020
50330,2020-04-30,121,4,2020
50401,2020-05-01,122,5,2020
50402,2020-05-02,123,5,2020
50403,2020-05-03,124,5,2020
50404,2020-05-04,125,5,2020
50405,2020-05-05,126,5,2020
50406,2020-05-06,127,5,2020
50407,2020-05-07,128,5,2020
50408,2020-05-08,129,5,2020
50409,2020-05-09,130,5,2020
50410,2020-05-10,131,5,2020
50411,2020-05-11,132,5,2020
50412,2020-05-12,133,5,2020
50413,2020-05-13,134,5,2020
50414,2020-05-14,135,5,2020
50415,2020-05-15,136,5,2020
50416,2020-05-16,137,5,2020
50417,2020-05-17,138,5,2020
50418,2020-05-18,139,5,2020
50419,2020-05-19,140,5,2020
50420,2020-05-20,141,5,2020
50421,2020-05-21,142,5,2020
50422,2020-05-22,143,5,2020
50423,2020-05-23,144,5,2020
50424,2020-05-24,145,5,2020
50425,2020-05-25,146,5,2020
50426,2020-05-26,147,5,2020
50427,2020-05-27,148,5,2020
50428,2020-05-28,149,5,2020
50429,2020-05-29,150,5,2020
50430,2020-05-30,151,5,2020
50431,2020-05-31,152,5,2020
50501,2020-06-01,153,6,2020
50502,2020-06-02,154,6,2020
50503,2020-06-03,155,6,2020
50504,2020-06-04,156,6,2020
50505,2020-06-05,157,6,2020
50506,2020-06-06,158,6,2020
50507,2020-06-07,159,6,2020
50508,2020-06-08,160,6,2020
50509,2020-06-09,161,6,2020
50510,2020-06-10,162,6,2020
50511,2020-06-11,163,6,2020
50512,2020-06-12,164,6,2020
50513,2020-06-13,165,6,2020
50514,2020-06-14,166,6,2020
50515,2020-06-15,167,6,2020
50516,2020-06-16,168,6,2020
50517,2020-06-17,169,6,2020
50518,2020-06-18,170,6,2020
50519,2020-06-19,171,6,2020
50520,2020-06-20,172,6,2020
50521,2020-06-21,173,6,2020
50522,2020-06-22,174,6,2020
50523,2020-06-23,175,6,2020
50524,2020-06-24,176,6,2020
50525,2020-06-25,177,6,2020
50526,2020-06-26,178,6,2020
50527,2020-06-27,179,6,2020
50528,2020-06-28,180,6,2020
50529,2020-06-29,181,6,2020
50530,2020-06-30,182,6,2020
50601,2020-07-01,183,7,2020
50602,2020-07-02,184,7,2020
50603,2020-07-03,185,7,2020
50604,2020-07-04,186,7,2020
50605,2020-07-05,187,7,2020
50606,2020-07-06,188,7,2020
50607,2020-07-07,189,7,2020
50608,2020-07-08,190,7,2020
50609,2020-07-09,191,7,2020
50610,2020-07-10,192,7,2020
50611,2020-07-11,193,7,2020
50612,2020-07-12,194,7,2020
50613,2020-07-13,195,7,2020
50614,2020-07-14,196,7,2020
50615,2020-07-15,197,7,2020
50616,2020-07-16,198,7,2020
50617,2020-07-17,199,7,2020
50618,2020-07-18,200,7,2020
50619,2020-07-19,201,7,2020
50620,2020-07-20,202,7,2020
50621,2020-07-21,203,7,2020
50622,2020-07-22,204,7,2020
50623,2020-07-23,205,7,2020
50624,2020-07-24,206,7,2020
50625,2020-07-25,207,7,2020
50626,2020-07-26,208,7,2020
50627,2020-07-27,209,7,2020
50628,2020-07-28,210,7,2020
50629,2020-07-29,211,7,2020
50630,2020-07-30,212,7,2020
50631,2020-07-31,213,7,2020
50701,2020-08-01,214,8,2020
50702,2020-08-02,215,8,2020
50703,2020-08-03,216,8,2020
50704,2020-08-04,217,8,2020
50705,2020-08-05,218,8,2020
50706,2020-08-06,219,8,2020
50707,2020-08-07,220,8,2020
50708,2020-08-08,221,8,2020
50709,2020-08-09,222,8,2020
50710,2020-08-10,223,8,2020
50711,2020-08-11,224,8,2020
50712,2020-08-12,225,8,2020
50713,2020-08-13,226,8,2020
50714,2020-08-14,227,8,2020
50715,2020-08-15,228,8,2020
50716,2020-08-16,229,8,2020
50717,2020-08-17,230,8,2020
50718,2020-08-18,231,8,2020
50719,2020-08-19,232,8,2020
50720,2020-08-20,233,8,2020
50721,2020-08-21,234,8,2020
50722,2020-08-22,235,8,2020
50723,2020-08-23,236,8,2020
50724,2020-08-24,237,8,2020
50725,2020-08-25,238,8,2020
50726,2020-08-26,239,8,2020
50727,2020-08-27,240,8,2020
50728,2020-08-28,241,8,2020
50729,2020-08-29,242,8,2020
50730,2020-08-30,243,8,2020
50731,2020-08-31,244,8,2020
50801,2020-09-01,245,9,2020
50802,2020-09-02,246,9,2020
50803,2020-09-03,247,9,2020
50804,2020-09-04,248,9,2020
50805,2020-09-05,249,9,2020
50806,2020-09-06,250,9,2020
50807,2020-09-07,251,9,2020
50808,2020-09-08,252,9,2020
50809,2020-09-09,253,9,2020
50810,2020-09-10,254,9,2020
50811,2020-09-11,255,9,2020
50812,2020-09-12,256,9,2020
50813,2020-09-13,257,9,2020
50814,2020-09-14,258,9,2020
50815,2020-09-15,259,9,2020
50816,2020-09-16,260,9,2020
50817,2020-09-17,261,9,2020
50818,2020-09-18,262,9,2020
50819,2020-09-19,263,9,2020
50820,2020-09-20,264,9,2020
50821,2020-09-21,265,9,2020
50822,2020-09-22,266,9,2020
50823,2020-09-23,267,9,2020
50824,2020-09-24,268,9,2020
50825,2020-09-25,269,9,2020
50826,2020-09-26,270,9,2020
50827,2020-09-27,271,9,2020
50828,2020-09-28,272,9,2020
50829,2020-09-29,273,9,2020
50830,2020-09-30,274,9,2020
50901,2020-10-01,275,10,2020
50902,2020-10-02,276,10,2020
50903,2020-10-03,277,10,2020
50904,2020-10-04,278,10,2020
50905,2020-10-05,279,10,2020
50906,2020-10-06,280,10,2020
50907,2020-10-07,281,10,2020
50908,2020-10-08,282,10,2020
50909,2020-10-09,283,10,2020
50910,2020-10-10,284,10,2020
50911,2020-10-11,285,10,2020
50912,2020-10-12,286,10,2020
50913,2020-10-13,287,10,2020
50914,2020-10-14,288,10,2020
50915,2020-10-15,289,10,2020
50916,2020-10-16,290,10,2020
50917,2020-10-17,291,10,2020
50918,2020-10-18,292,10,2020
50919,2020-10-19,293,10,2020
50920,2020-10-20,294,10,2020
50921,2020-10-21,295,10,2020
50922,2020-10-22,296,10,2020
50923,2020-10-23,297,10,2020
50924,2020-10-24,298,10,2020
50925,2020-10-25,299,10,2020
50926,2020-10-26,300,10,2020
50927,2020-10-27,301,10,2020
50928,2020-10-28,302,10,2020
50929,2020-10-29,303,10,2020
50930,2020-10-30,304,10,2020
50931,2020-10-31,305,10,2020
51001,2020-11-01,306,11,2020
51002,2020-11-02,307,11,2020
51003,2020-11-03,308,11,2020
51004,2020-11-04,309,11,2020
51005,2020-11-05,310,11,2020
51006,2020-11-06,311,11,2020
51007,2020-11-07,312,11,2020
51008,2020-11-08,313,11,2020
51009,2020-11-09,314,11,2020
51010,2020-11-10,315,11,2020
51011,2020-11-11,316,11,2020
51012,2020-11-12,317,11,2020
51013,2020-11-13,318,11,2020
51014,2020-11-14,319,11,2020
51015,2020-11-15,320,11,2020
51016,2020-11-16,321,11,2020
51017,2020-11-17,322,11,2020
51018,2020-11-18,323,11,2020
51019,2020-11-19,324,11,2020
51020,2020-11-20,325,11,2020
51021,2020-11-21,326,11,2020
51022,2020-11-22,327,11,2020
51023,2020-11-23,328,11,2020
51024,2020-11-24,329,11,2020
51025,2020-11-25,330,11,2020
51026,2020-11-26,331,11,2020
51027,2020-11-27,332,11,2020
51028,2020-11-28,333,11,2020
51029,2020-11-29,334,11,2020
51030,2020-11-30,335,11,2020
51101,2020-12-01,336,12,2020
51102,2020-12-02,337,12,2020
51103,2020-12-03,338,12,2020
51104,2020-12-04,339,12,2020
51105,2020-12-05,340,12,2020
51106,2020-12-06,341,12,2020
51107,2020-12-07,342,12,2020
51108,2020-12-08,343,12,2020
51109,2020-12-09,344,12,2020
51110,2020-12-10,345,12,2020
51111,2020-12-11,346,12,2020
51112,2020-12-12,347,12,2020
51113,2020-12-13,348,12,2020
51114,2020-12-14,349,12,2020
51115,2020-12-15,350,12,2020
51116,2020-12-16,351,12,2020
51117,2020-12-17,352,12,2020
51118,2020-12-18,353,12,2020
51119,2020-12-19,354,12,2020
51120,2020-12-20,355,12,2020
51121,2020-12-21,356,12,2020
51122,2020-12-22,357,12,2020
51123,2020-12-23,358,12,2020
51124,2020-12-24,359,12,2020
51125,2020-12-25,360,12,2020
51126,2020-12-26,361,12,2020
51127,2020-12-27,362,12,2020
51128,2020-12-28,363,12,2020
51129,2020-12-29,364,12,2020
51130,2020-12-30,365,12,2020
51131,2020-12-31,366,12,2020
60001,2021-01-01,1,1,2021
60002,2021-01-02,2,1,2021
60003,2021-01-03,3,1,2021
60004,2021-01-04,4,1,2021
60005,2021-01-05,5,1,2021
60006,2021-01-06,6,1,2021
60007,2021-01-07,7,1,2021
60008,2021-01-08,8,1,2021
60009,2021-01-09,9,1,2021
60010,2021-01-10,10,1,2021
60011,2021-01-11,11,1,2021
60012,2021-01-12,12,1,2021
60013,2021-01-13,13,1,2021
60014,2021-01-14,14,1,2021
60015,2021-01-15,15,1,2021
60016,2021-01-16,16,1,2021
60017,2021-01-17,17,1,2021
60018,2021-01-18,18,1,2021
60019,2021-01-19,19,1,2021
60020,2021-01-20,20,1,2021
60021,2021-01-21,21,1,2021
60022,2021-01-22,22,1,2021
60023,2021-01-23,23,1,2021
60024,2021-01-24,24,1,2021
60025,2021-01-25,25,1,2021
60026,2021-01-26,26,1,2021
60027,2021-01-27,27,1,2021
60028,2021-01-28,28,1,2021
60029,2021-01-29,29,1,2021
60030,2021-01-30,30,1,2021
60031,2021-01-31,31,1,2021
60101,2021-02-01,32,2,2021
60102,2021-02-02,33,2,2021
60103,2021-02-03,34,2,2021
60104,2021-02-04,35,2,2021
60105,2021-02-05,36,2,2021
60106,2021-02-06,37,2,2021
60107,2021-02-07,38,2,2021
60108,2021-02-08,39,2,2021
60109,2021-02-09,40,2,2021
60110,2021-02-10,41,2,2021
60111,2021-02-11,42,2,2021
60112,2021-02-12,43,2,2021
60113,2021-02-13,44,2,2021
60114,2021-02-14,45,2,2021
60115,2021-02-15,46,2,2021
60116,2021-02-16,47,2,2021
60117,2021-02-17,48,2,2021
60118,2021-02-18,49,2,2021
60119,2021-02-19,50,2,2021
60120,2021-02-20,51,2,2021
60121,2021-02-21,52,2,2021
60122,2021-02-22,53,2,2021
60123,2021-02-23,54,2,2021
60124,2021-02-24,55,2,2021
60125,2021-02-25,56,2,2021
60126,2021-02-26,57,2,2021
60127,2021-02-27,58,2,2021
60128,2021-02-28,59,2,2021
60201,2021-03-01,60,3,2021
60202,2021-03-02,61,3,2021
60203,2021-03-03,62,3,2021
60204,2021-03-04,63,3,2021
60205,2021-03-05,64,3,2021
60206,2021-03-06,65,3,2021
60207,2021-03-07,66,3,2021
60208,2021-03-08,67,3,2021
60209,2021-03-09,68,3,2021
60210,2021-03-10,69,3,2021
60211,2021-03-11,70,3,2021
60212,2021-03-12,71,3,2021
60213,2021-03-13,72,3,2021
60214,2021-03-14,73,3,2021
60215,2021-03-15,74,3,2021
60216,2021-03-16,75,3,2021
60217,2021-03-17,76,3,2021
60218,2021-03-18,77,3,2021
60219,2021-03-19,78,3,2021
60220,2021-03-20,79,3,2021
60221,2021-03-21,80,3,2021
60222,2021-03-22,81,3,2021
60223,2021-03-23,82,3,2021
60224,2021-03-24,83,3,2021
60225,2021-03-25,84,3,2021
60226,2021-03-26,85,3,2021
60227,2021-03-27,86,3,2021
60228,2021-03-28,87,3,2021
60229,2021-03-29,88,3,2021
60230,2021-03-30,89,3,2021
60231,2021-03-31,90,3,2021
60301,2021-04-01,91,4,2021
60302,2021-04-02,92,4,2021
60303,2021-04-03,93,4,2021
60304,2021-04-04,94,4,2021
60305,2021-04-05,95,4,2021
60306,2021-04-06,96,4,2021
60307,2021-04-07,97,4,2021
60308,2021-04-08,98,4,2021
60309,2021-04-09,99,4,2021
60310,2021-04-10,100,4,2021
60311,2021-04-11,101,4,2021
60312,2021-04-12,102,4,2021
60313,2021-04-13,103,4,2021
60314,2021-04-14,104,4,2021
60315,2021-04-15,105,4,2021
60316,2021-04-16,106,4,2021
60317,2021-04-17,107,4,2021
60318,2021-04-18,108,4,2021
60319,2021-04-19,109,4,2021
60320,2021-04-20,110,4,2021
60321,2021-04-21,111,4,2021
60322,2021-04-22,112,4,2021
60323,2021-04-23,113,4,2021
60324,2021-04-24,114,4,2021
60325,2021-04-25,115,4,2021
60326,2021-04-26,116,4,2021
60327,2021-04-27,117,4,2021
60328,2021-04-28,118,4,2021
60329,2021-04-29,119,4,2021
60330,2021-04-30,120,4,2021
60401,2021-05-01,121,5,2021
60402,2021-05-02,122,5,2021
60403,2021-05-03,123,5,2021
60404,2021-05-04,124,5,2021
60405,2021-05-05,125,5,2021
60406,2021-05-06,126,5,2021
60407,2021-05-07,127,5,2021
60408,2021-05-08,128,5,2021
60409,2021-05-09,129,5,2021
60410,2021-05-10,130,5,2021
60411,2021-05-11,131,5,2021
60412,2021-05-12,132,5,2021
60413,2021-05-13,133,5,2021
60414,2021-05-14,134,5,2021
60415,2021-05-15,135,5,2021
60416,2021-05-16,136,5,2021
60417,2021-05-17,137,5,2021
60418,2021-05-18,138,5,2021
60419,2021-05-19,139,5,2021
60420,2021-05-20,140,5,2021
60421,2021-05-21,141,5,2021
60422,2021-05-22,142,5,2021
60423,2021-05-23,143,5,2021
60424,2021-05-24,144,5,2021
60425,2021-05-25,145,5,2021
60426,2021-05-26,146,5,2021
60427,2021-05-27,147,5,2021
60428,2021-05-28,148,5,2021
60429,2021-05-29,149,5,2021
60430,2021-05-30,150,5,2021
60431,2021-05-31,151,5,2021
60501,2021-06-01,152,6,2021
60502,2021-06-02,153,6,2021
60503,2021-06-03,154,6,2021
60504,2021-06-04,155,6,2021
60505,2021-06-05,156,6,2021
60506,2021-06-06,157,6,2021
60507,2021-06-07,158,6,2021
60508,2021-06-08,159,6,2021
60509,2021-06-09,160,6,2021
60510,2021-06-10,161,6,2021
60511,2021-06-11,162,6,2021
60512,2021-06-12,163,6,2021
60513,2021-06-13,164,6,2021
60514,2021-06-14,165,6,2021
60515,2021-06-15,166,6,2021
60516,2021-06-16,167,6,2021
60517,2021-06-17,168,6,2021
60518,2021-06-18,169,6,2021
60519,2021-06-19,170,6,2021
60520,2021-06-20,171,6,2021
60521,2021-06-21,172,6,2021
60522,2021-06-22,173,6,2021
60523,2021-06-23,174,6,2021
60524,2021-06-24,175,6,2021
60525,2021-06-25,176,6,2021
60526,2021-06-26,177,6,2021
60527,2021-06-27,178,6,2021
60528,2021-06-28,179,6,2021
60529,2021-06-29,180,6,2021
60530,2021-06-30,181,6,2021
60601,2021-07-01,182,7,2021
60602,2021-07-02,183,7,2021
60603,2021-07-03,184,7,2021
60604,2021-07-04,185,7,2021
60605,2021-07-05,186,7,2021
60606,2021-07-06,187,7,2021
60607,2021-07-07,188,7,2021
60608,2021-07-08,189,7,2021
60609,2021-07-09,190,7,2021
60610,2021-07-10,191,7,2021
60611,2021-07-11,192,7,2021
60612,2021-07-12,193,7,2021
60613,2021-07-13,194,7,2021
60614,2021-07-14,195,7,2021
60615,2021-07-15,196,7,2021
60616,2021-07-16,197,7,2021
60617,2021-07-17,198,7,2021
60618,2021-07-18,199,7,2021
60619,2021-07-19,200,7,2021
60620,2021-07-20,201,7,2021
60621,2021-07-21,202,7,2021
60622,2021-07-22,203,7,2021
60623,2021-07-23,204,7,2021
60624,2021-07-24,205,7,2021
60625,2021-07-25,206,7,2021
60626,2021-07-26,207,7,2021
60627,2021-07-27,208,7,2021
60628,2021-07-28,209,7,2021
60629,2021-07-29,210,7,2021
60630,2021-07-30,211,7,2021
60631,2021-07-31,212,7,2021
60701,2021-08-01,213,8,2021
60702,2021-08-02,214,8,2021
60703,2021-08-03,215,8,2021
60704,2021-08-04,216,8,2021
60705,2021-08-05,217,8,2021
60706,2021-08-06,218,8,2021
60707,2021-08-07,219,8,2021
60708,2021-08-08,220,8,2021
60709,2021-08-09,221,8,2021
60710,2021-08-10,222,8,2021
60711,2021-08-11,223,8,2021
60712,2021-08-12,224,8,2021
60713,2021-08-13,225,8,2021
60714,2021-08-14,226,8,2021
60715,2021-08-15,227,8,2021
60716,2021-08-16,228,8,2021
60717,2021-08-17,229,8,2021
60718,2021-08-18,230,8,2021
60719,2021-08-19,231,8,2021
60720,2021-08-20,232,8,2021
60721,2021-08-21,233,8,2021
60722,2021-08-22,234,8,2021
60723,2021-08-23,235,8,2021
60724,2021-08-24,236,8,2021
60725,2021-08-25,237,8,2021
60726,2021-08-26,238,8,2021
60727,2021-08-27,239,8,2021
60728,2021-08-28,240,8,2021
60729,2021-08-29,241,8,2021
60730,2021-08-30,242,8,2021
60731,2021-08-31,243,8,2021
60801,2021-09-01,244,9,2021
60802,2021-09-02,245,9,2021
60803,2021-09-03,246,9,2021
60804,2021-09-04,247,9,2021
60805,2021-09-05,248,9,2021
60806,2021-09-06,249,9,2021
60807,2021-09-07,250,9,2021
60808,2021-09-08,251,9,2021
60809,2021-09-09,252,9,2021
60810,2021-09-10,253,9,2021
60811,2021-09-11,254,9,2021
60812,2021-09-12,255,9,2021
60813,2021-09-13,256,9,2021
60814,2021-09-14,257,9,2021
60815,2021-09-15,258,9,2021
60816,2021-09-16,259,9,2021
60817,2021-09-17,260,9,2021
60818,2021-09-18,261,9,2021
60819,2021-09-19,262,9,2021
60820,2021-09-20,263,9,2021
60821,2021-09-21,264,9,2021
60822,2021-09-22,265,9,2021
60823,2021-09-23,266,9,2021
60824,2021-09-24,267,9,2021
60825,2021-09-25,268,9,2021
60826,2021-09-26,269,9,2021
60827,2021-09-27,270,9,2021
60828,2021-09-28,271,9,2021
60829,2021-09-29,272,9,2021
60830,2021-09-30,273,9,2021
60901,2021-10-01,274,10,2021
60902,2021-10-02,275,10,2021
60903,2021-10-03,276,10,2021
60904,2021-10-04,277,10,2021
60905,2021-10-05,278,10,2021
60906,2021-10-06,279,10,2021
60907,2021-10-07,280,10,2021
60908,2021-10-08,281,10,2021
60909,2021-10-09,282,10,2021
60910,2021-10-10,283,10,2021
60911,2021-10-11,284,10,2021
60912,2021-10-12,285,10,2021
60913,2021-10-13,286,10,2021
60914,2021-10-14,287,10,2021
60915,2021-10-15,288,10,2021
60916,2021-10-16,289,10,2021
60917,2021-10-17,290,10,2021
60918,2021-10-18,291,10,2021
60919,2021-10-19,292,10,2021
60920,2021-10-20,293,10,2021
60921,2021-10-21,294,10,2021
60922,2021-10-22,295,10,2021
60923,2021-10-23,296,10,2021
60924,2021-10-24,297,10,2021
60925,2021-10-25,298,10,2021
60926,2021-10-26,299,10,2021
60927,2021-10-27,300,10,2021
60928,2021-10-28,301,10,2021
60929,2021-10-29,302,10,2021
60930,2021-10-30,303,10,2021
60931,2021-10-31,304,10,2021
61001,2021-11-01,305,11,2021
61002,2021-11-02,306,11,2021
61003,2021-11-03,307,11,2021
61004,2021-11-04,308,11,2021
61005,2021-11-05,309,11,2021
61006,2021-11-06,310,11,2021
61007,2021-11-07,311,11,2021
61008,2021-11-08,312,11,2021
61009,2021-11-09,313,11,2021
61010,2021-11-10,314,11,2021
61011,2021-11-11,315,11,2021
61012,2021-11-12,316,11,2021
61013,2021-11-13,317,11,2021
61014,2021-11-14,318,11,2021
61015,2021-11-15,319,11,2021
61016,2021-11-16,320,11,2021
61017,2021-11-17,321,11,2021
61018,2021-11-18,322,11,2021
61019,2021-11-19,323,11,2021
61020,2021-11-20,324,11,2021
61021,2021-11-21,325,11,2021
61022,2021-11-22,326,11,2021
61023,2021-11-23,327,11,2021
61024,2021-11-24,328,11,2021
61025,2021-11-25,329,11,2021
61026,2021-11-26,330,11,2021
61027,2021-11-27,331,11,2021
61028,2021-11-28,332,11,2021
61029,2021-11-29,333,11,2021
61030,2021-11-30,334,11,2021
61101,2021-12-01,335,12,2021
61102,2021-12-02,336,12,2021
61103,2021-12-03,337,12,2021
61104,2021-12-04,338,12,2021
61105,2021-12-05,339,12,2021
61106,2021-12-06,340,12,2021
61107,2021-12-07,341,12,2021
61108,2021-12-08,342,12,2021
61109,2021-12-09,343,12,2021
61110,2021-12-10,344,12,2021
61111,2021-12-11,345,12,2021
61112,2021-12-12,346,12,2021
61113,2021-12-13,347,12,2021
61114,2021-12-14,348,12,2021
61115,2021-12-15,349,12,2021
61116,2021-12-16,350,12,2021
61117,2021-12-17,351,12,2021
61118,2021-12-18,352,12,2021
61119,2021-12-19,353,12,2021
61120,2021-12-20,354,12,2021
61121,2021-12-21,355,12,2021
61122,2021-12-22,356,12,2021
61123,2021-12-23,357,12,2021
61124,2021-12-24,358,12,2021
61125,2021-12-25,359,12,2021
61126,2021-12-26,360,12,2021
61127,2021-12-27,361,12,2021
61128,2021-12-28,362,12,2021
61129,2021-12-29,363,12,2021
61130,2021-12-30,364,12,2021
61131,2021-12-31,365,12,2021
70001,2022-01-01,1,1,2022
70002,2022-01-02,2,1,2022
70003,2022-01-03,3,1,2022
70004,2022-01-04,4,1,2022
70005,2022-01-05,5,1,2022
70006,2022-01-06,6,1,2022
70007,2022-01-07,7,1,2022
70008,2022-01-08,8,1,2022
70009,2022-01-09,9,1,2022
70010,2022-01-10,10,1,2022
70011,2022-01-11,11,1,2022
70012,2022-01-12,12,1,2022
70013,2022-01-13,13,1,2022
70014,2022-01-14,14,1,2022
70015,2022-01-15,15,1,2022
70016,2022-01-16,16,1,2022
70017,2022-01-17,17,1,2022
70018,2022-01-18,18,1,2022
70019,2022-01-19,19,1,2022
70020,2022-01-20,20,1,2022
70021,2022-01-21,21,1,2022
70022,2022-01-22,22,1,2022
70023,2022-01-23,23,1,2022
70024,2022-01-24,24,1,2022
70025,2022-01-25,25,1,2022
70026,2022-01-26,26,1,2022
70027,2022-01-27,27,1,2022
70028,2022-01-28,28,1,2022
70029,2022-01-29,29,1,2022
70030,2022-01-30,30,1,2022
70031,2022-01-31,31,1,2022
70101,2022-02-01,32,2,2022
70102,2022-02-02,33,2,2022
70103,2022-02-03,34,2,2022
70104,2022-02-04,35,2,2022
70105,2022-02-05,36,2,2022
70106,2022-02-06,37,2,2022
70107,2022-02-07,38,2,2022
70108,2022-02-08,39,2,2022
70109,2022-02-09,40,2,2022
70110,2022-02-10,41,2,2022
70111,2022-02-11,42,2,2022
70112,2022-02-12,43,2,2022
70113,2022-02-13,44,2,2022
70114,2022-02-14,45,2,2022
70115,2022-02-15,46,2,2022
70116,2022-02-16,47,2,2022
70117,2022-02-17,48,2,2022
70118,2022-02-18,49,2,2022
70119,2022-02-19,50,2,2022
70120,2022-02-20,51,2,2022
70121,2022-02-21,52,2,2022
70122,2022-02-22,53,2,2022
70123,2022-02-23,54,2,2022
70124,2022-02-24,55,2,2022
70125,2022-02-25,56,2,2022
70126,2022-02-26,57,2,2022
70127,2022-02-27,58,2,2022
70128,2022-02-28,59,2,2022
70201,2022-03-01,60,3,2022
70202,2022-03-02,61,3,2022
70203,2022-03-03,62,3,2022
70204,2022-03-04,63,3,2022
70205,2022-03-05,64,3,2022
70206,2022-03-06,65,3,2022
70207,2022-03-07,66,3,2022
70208,2022-03-08,67,3,2022
70209,2022-03-09,68,3,2022
70210,2022-03-10,69,3,2022
70211,2022-03-11,70,3,2022
70212,2022-03-12,71,3,2022
70213,2022-03-13,72,3,2022
70214,2022-03-14,73,3,2022
70215,2022-03-15,74,3,2022
70216,2022-03-16,75,3,2022
70217,2022-03-17,76,3,2022
70218,2022-03-18,77,3,2022
70219,2022-03-19,78,3,2022
70220,2022-03-20,79,3,2022
70221,2022-03-21,80,3,2022
70222,2022-03-22,81,3,2022
70223,2022-03-23,82,3,2022
70224,2022-03-24,83,3,2022
70225,2022-03-25,84,3,2022
70226,2022-03-26,85,3,2022
70227,2022-03-27,86,3,2022
70228,2022-03-28,87,3,2022
70229,2022-03-29,88,3,2022
70230,2022-03-30,89,3,2022
70231,2022-03-31,90,3,2022
70301,2022-04-01,91,4,2022
70302,2022-04-02,92,4,2022
70303,2022-04-03,93,4,2022
70304,2022-04-04,94,4,2022
70305,2022-04-05,95,4,2022
70306,2022-04-06,96,4,2022
70307,2022-04-07,97,4,2022
70308,2022-04-08,98,4,2022
70309,2022-04-09,99,4,2022
70310,2022-04-10,100,4,2022
70311,2022-04-11,101,4,2022
70312,2022-04-12,102,4,2022
70313,2022-04-13,103,4,2022
70314,2022-04-14,104,4,2022
70315,2022-04-15,105,4,2022
70316,2022-04-16,106,4,2022
70317,2022-04-17,107,4,2022
70318,2022-04-18,108,4,2022
70319,2022-04-19,109,4,2022
70320,2022-04-20,110,4,2022
70321,2022-04-21,111,4,2022
70322,2022-04-22,112,4,2022
70323,2022-04-23,113,4,2022
70324,2022-04-24,114,4,2022
70325,2022-04-25,115,4,2022
70326,2022-04-26,116,4,2022
70327,2022-04-27,117,4,2022
70328,2022-04-28,118,4,2022
70329,2022-04-29,119,4,2022
70330,2022-04-30,120,4,2022
70401,2022-05-01,121,5,2022
70402,2022-05-02,122,5,2022
70403,2022-05-03,123,5,2022
70404,2022-05-04,124,5,2022
70405,2022-05-05,125,5,2022
70406,2022-05-06,126,5,2022
70407,2022-05-07,127,5,2022
70408,2022-05-08,128,5,2022
70409,2022-05-09,129,5,2022
70410,2022-05-10,130,5,2022
70411,2022-05-11,131,5,2022
70412,2022-05-12,132,5,2022
70413,2022-05-13,133,5,2022
70414,2022-05-14,134,5,2022
70415,2022-05-15,135,5,2022
70416,2022-05-16,136,5,2022
70417,2022-05-17,137,5,2022
70418,2022-05-18,138,5,2022
70419,2022-05-19,139,5,2022
70420,2022-05-20,140,5,2022
70421,2022-05-21,141,5,2022
70422,2022-05-22,142,5,2022
70423,2022-05-23,143,5,2022
70424,2022-05-24,144,5,2022
70425,2022-05-25,145,5,2022
70426,2022-05-26,146,5,2022
70427,2022-05-27,147,5,2022
70428,2022-05-28,148,5,2022
70429,2022-05-29,149,5,2022
70430,2022-05-30,150,5,2022
70431,2022-05-31,151,5,2022
70501,2022-06-01,152,6,2022
70502,2022-06-02,153,6,2022
70503,2022-06-03,154,6,2022
70504,2022-06-04,155,6,2022
70505,2022-06-05,156,6,2022
70506,2022-06-06,157,6,2022
70507,2022-06-07,158,6,2022
70508,2022-06-08,159,6,2022
70509,2022-06-09,160,6,2022
70510,2022-06-10,161,6,2022
70511,2022-06-11,162,6,2022
70512,2022-06-12,163,6,2022
70513,2022-06-13,164,6,2022
70514,2022-06-14,165,6,2022
70515,2022-06-15,166,6,2022
70516,2022-06-16,167,6,2022
70517,2022-06-17,168,6,2022
70518,2022-06-18,169,6,2022
70519,2022-06-19,170,6,2022
70520,2022-06-20,171,6,2022
70521,2022-06-21,172,6,2022
70522,2022-06-22,173,6,2022
70523,2022-06-23,174,6,2022
70524,2022-06-24,175,6,2022
70525,2022-06-25,176,6,2022
70526,2022-06-26,177,6,2022
70527,2022-06-27,178,6,2022
70528,2022-06-28,179,6,2022
70529,2022-06-29,180,6,2022
70530,2022-06-30,181,6,2022
70601,2022-07-01,182,7,2022
70602,2022-07-02,183,7,2022
70603,2022-07-03,184,7,2022
70604,2022-07-04,185,7,2022
70605,2022-07-05,186,7,2022
70606,2022-07-06,187,7,2022
70607,2022-07-07,188,7,2022
70608,2022-07-08,189,7,2022
70609,2022-07-09,190,7,2022
70610,2022-07-10,191,7,2022
70611,2022-07-11,192,7,2022
70612,2022-07-12,193,7,2022
70613,2022-07-13,194,7,2022
70614,2022-07-14,195,7,2022
70615,2022-07-15,196,7,2022
70616,2022-07-16,197,7,2022
70617,2022-07-17,198,7,2022
70618,2022-07-18,199,7,2022
70619,2022-07-19,200,7,2022
70620,2022-07-20,201,7,2022
70621,2022-07-21,202,7,2022
70622,2022-07-22,203,7,2022
70623,2022-07-23,204,7,2022
70624,2022-07-24,205,7,2022
70625,2022-07-25,206,7,2022
70626,2022-07-26,207,7,2022
70627,2022-07-27,208,7,2022
70628,2022-07-28,209,7,2022
70629,2022-07-29,210,7,2022
70630,2022-07-30,211,7,2022
70631,2022-07-31,212,7,2022
70701,2022-08-01,213,8,2022
70702,2022-08-02,214,8,2022
70703,2022-08-03,215,8,2022
70704,2022-08-04,216,8,2022
70705,2022-08-05,217,8,2022
70706,2022-08-06,218,8,2022
70707,2022-08-07,219,8,2022
70708,2022-08-08,220,8,2022
70709,2022-08-09,221,8,2022
70710,2022-08-10,222,8,2022
70711,2022-08-11,223,8,2022
70712,2022-08-12,224,8,2022
70713,2022-08-13,225,8,2022
70714,2022-08-14,226,8,2022
70715,2022-08-15,227,8,2022
70716,2022-08-16,228,8,2022
70717,2022-08-17,229,8,2022
70718,2022-08-18,230,8,2022
70719,2022-08-19,231,8,2022
70720,2022-08-20,232,8,2022
70721,2022-08-21,233,8,2022
70722,2022-08-22,234,8,2022
70723,2022-08-23,235,8,2022
70724,2022-08-24,236,8,2022
70725,2022-08-25,237,8,2022
70726,2022-08-26,238,8,2022
70727,2022-08-27,239,8,2022
70728,2022-08-28,240,8,2022
70729,2022-08-29,241,8,2022
70730,2022-08-30,242,8,2022
70731,2022-08-31,243,8,2022
70801,2022-09-01,244,9,2022
70802,2022-09-02,245,9,2022
70803,2022-09-03,246,9,2022
70804,2022-09-04,247,9,2022
70805,2022-09-05,248,9,2022
70806,2022-09-06,249,9,2022
70807,2022-09-07,250,9,2022
70808,2022-09-08,251,9,2022
70809,2022-09-09,252,9,2022
70810,2022-09-10,253,9,2022
70811,2022-09-11,254,9,2022
70812,2022-09-12,255,9,2022
70813,2022-09-13,256,9,2022
70814,2022-09-14,257,9,2022
70815,2022-09-15,258,9,2022
70816,2022-09-16,259,9,2022
70817,2022-09-17,260,9,2022
70818,2022-09-18,261,9,2022
70819,2022-09-19,262,9,2022
70820,2022-09-20,263,9,2022
70821,2022-09-21,264,9,2022
70822,2022-09-22,265,9,2022
70823,2022-09-23,266,9,2022
70824,2022-09-24,267,9,2022
70825,2022-09-25,268,9,2022
70826,2022-09-26,269,9,2022
70827,2022-09-27,270,9,2022
70828,2022-09-28,271,9,2022
70829,2022-09-29,272,9,2022
70830,2022-09-30,273,9,2022
70901,2022-10-01,274,10,2022
70902,2022-10-02,275,10,2022
70903,2022-10-03,276,10,2022
70904,2022-10-04,277,10,2022
70905,2022-10-05,278,10,2022
70906,2022-10-06,279,10,2022
70907,2022-10-07,280,10,2022
70908,2022-10-08,281,10,2022
70909,2022-10-09,282,10,2022
70910,2022-10-10,283,10,2022
70911,2022-10-11,284,10,2022
70912,2022-10-12,285,10,2022
70913,2022-10-13,286,10,2022
70914,2022-10-14,287,10,2022
70915,2022-10-15,288,10,2022
70916,2022-10-16,289,10,2022
70917,2022-10-17,290,10,2022
70918,2022-10-18,291,10,2022
70919,2022-10-19,292,10,2022
70920,2022-10-20,293,10,2022
70921,2022-10-21,294,10,2022
70922,2022-10-22,295,10,2022
70923,2022-10-23,296,10,2022
70924,2022-10-24,297,10,2022
70925,2022-10-25,298,10,2022
70926,2022-10-26,299,10,2022
70927,2022-10-27,300,10,2022
70928,2022-10-28,301,10,2022
70929,2022-10-29,302,10,2022
70930,2022-10-30,303,10,2022
70931,2022-10-31,304,10,2022
71001,2022-11-01,305,11,2022
71002,2022-11-02,306,11,2022
71003,2022-11-03,307,11,2022
71004,2022-11-04,308,11,2022
71005,2022-11-05,309,11,2022
71006,2022-11-06,310,11,2022
71007,2022-11-07,311,11,2022
71008,2022-11-08,312,11,2022
71009,2022-11-09,313,11,2022
71010,2022-11-10,314,11,2022
71011,2022-11-11,315,11,2022
71012,2022-11-12,316,11,2022
71013,2022-11-13,317,11,2022
71014,2022-11-14,318,11,2022
71015,2022-11-15,319,11,2022
71016,2022-11-16,320,11,2022
71017,2022-11-17,321,11,2022
71018,2022-11-18,322,11,2022
71019,2022-11-19,323,11,2022
71020,2022-11-20,324,11,2022
71021,2022-11-21,325,11,2022
71022,2022-11-22,326,11,2022
71023,2022-11-23,327,11,2022
71024,2022-11-24,328,11,2022
71025,2022-11-25,329,11,2022
71026,2022-11-26,330,11,2022
71027,2022-11-27,331,11,2022
71028,2022-11-28,332,11,2022
71029,2022-11-29,333,11,2022
71030,2022-11-30,334,11,2022
71101,2022-12-01,335,12,2022
71102,2022-12-02,336,12,2022
71103,2022-12-03,337,12,2022
71104,2022-12-04,338,12,2022
71105,2022-12-05,339,12,2022
71106,2022-12-06,340,12,2022
71107,2022-12-07,341,12,2022
71108,2022-12-08,342,12,2022
71109,2022-12-09,343,12,2022
71110,2022-12-10,344,12,2022
71111,2022-12-11,345,12,2022
71112,2022-12-12,346,12,2022
71113,2022-12-13,347,12,2022
71114,2022-12-14,348,12,2022
71115,2022-12-15,349,12,2022
71116,2022-12-16,350,12,2022
71117,2022-12-17,351,12,2022
71118,2022-12-18,352,12,2022
71119,2022-12-19,353,12,2022
71120,2022-12-20,354,12,2022
71121,2022-12-21,355,12,2022
71122,2022-12-22,356,12,2022
71123,2022-12-23,357,12,2022
71124,2022-12-24,358,12,2022
71125,2022-12-25,359,12,2022
71126,2022-12-26,360,12,2022
71127,2022-12-27,361,12,2022
71128,2022-12-28,362,12,2022
71129,2022-12-29,363,12,2022
71130,2022-12-30,364,12,2022
71131,2022-12-31,365,12,2022
